VARIABLE,OVERALL_NA,OVERALL_PERCENT_NA,OVERALL_PERCENT_REPORTED,YTS_NA,YTS_PERCENT_NA,YTS_PERCENT_REPORTED,HOG_NA,HOG_PERCENT_NA,HOG_PERCENT_REPORTED,LOB_NA,LOB_PERCENT_NA,LOB_PERCENT_REPORTED,QTF_NA,QTF_PERCENT_NA,QTF_PERCENT_REPORTED,SLP_NA,SLP_PERCENT_NA,SLP_PERCENT_REPORTED,REH_NA,REH_PERCENT_NA,REH_PERCENT_REPORTED
AGE,161227,42.07407,57.9259,52040,39.8578,60.14215,4508,51.983,48.017,51860,50.21253,49.7875,17468,47.693,52.3071,11594,22.859,77.1412,23757,44.543,55.457
AGE_STATUS,131446,34.30237,65.6976,32891,25.1915,74.80852,3553,40.971,59.029,48113,46.58456,53.4154,17454,47.655,52.3453,8839,17.427,82.5729,20596,38.616,61.3837
AGENCY_ID,0,0,100,0,0,100,0,0,100,0,0,100,0,0,100,0,0,100,0,0,100
AGENCY_NAME,0,0,100,0,0,100,0,0,100,0,0,100,0,0,100,0,0,100,0,0,100
AGENCY_SHORT_NAME,0,0,100,0,0,100,0,0,100,0,0,100,0,0,100,0,0,100,0,0,100
AGENT_USERNAME_ID,0,0,100,0,0,100,0,0,100,0,0,100,0,0,100,0,0,100,0,0,100
AREA_1,15143,3.95174,96.0483,5787,4.4323,95.56769,704,8.118,91.882,4488,4.34543,95.6546,903,2.465,97.5345,1194,2.354,97.6459,2067,3.876,96.1245
AREA_2,347603,90.71107,9.2889,124907,95.6673,4.33274,8343,96.206,3.794,91508,88.601,11.399,32231,88,11.9997,41897,82.604,17.3955,48717,91.342,8.6585
AREA_3,381581,99.57802,0.422,130388,99.8652,0.1348,8654,99.792,0.208,102829,99.56236,0.4376,36411,99.413,0.587,50331,99.233,0.767,52968,99.312,0.6881
AREA_4,383017,99.95277,0.0472,130508,99.9571,0.04289,8670,99.977,0.023,103276,99.99516,0.0048,36607,99.948,0.0519,50658,99.878,0.1222,53298,99.931,0.0694
AREA_5,383198,100,0,130564,100,0,8672,100,0,103281,100,0,36626,100,0,50720,100,0,53335,100,0
AREANAME_1,15622,4.07674,95.9233,5863,4.4905,95.50948,707,8.153,91.847,4732,4.58168,95.4183,1018,2.779,97.2206,1197,2.36,97.64,2105,3.947,96.0532
AREANAME_2,347603,90.71107,9.2889,124907,95.6673,4.33274,8343,96.206,3.794,91508,88.601,11.399,32231,88,11.9997,41897,82.604,17.3955,48717,91.342,8.6585
AREANAME_3,381581,99.57802,0.422,130388,99.8652,0.1348,8654,99.792,0.208,102829,99.56236,0.4376,36411,99.413,0.587,50331,99.233,0.767,52968,99.312,0.6881
AREANAME_4,383017,99.95277,0.0472,130508,99.9571,0.04289,8670,99.977,0.023,103276,99.99516,0.0048,36607,99.948,0.0519,50658,99.878,0.1222,53298,99.931,0.0694
AREANAME_5,383198,100,0,130564,100,0,8672,100,0,103281,100,0,36626,100,0,50720,100,0,53335,100,0
BEGIN_HOUR_MIN,291207,75.99387,24.0061,113208,86.7069,13.2931,8280,95.48,4.52,79889,77.35111,22.6489,21199,57.88,42.1204,28912,57.003,42.9968,39719,74.471,25.5292
BIAS_TYPE,78448,20.47192,79.5281,17541,13.4348,86.56521,2793,32.207,67.793,32505,31.47239,68.5276,9778,26.697,73.3031,3734,7.362,92.638,12097,22.681,77.3188
CHECKED_DATE,378951,98.8917,1.1083,129758,99.3827,0.61732,8655,99.804,0.196,102089,98.84587,1.1541,35679,97.414,2.5856,50533,99.631,0.3687,52237,97.941,2.0587
CHECKER,378951,98.8917,1.1083,129758,99.3827,0.61732,8655,99.804,0.196,102089,98.84587,1.1541,35679,97.414,2.5856,50533,99.631,0.3687,52237,97.941,2.0587
CONDITION_TYPE,5,0.0013,99.9987,0,0,100,0,0,100,5,0.00484,99.9952,0,0,100,0,0,100,0,0,100
COUNTY_LANDED,0,0,100,0,0,100,0,0,100,0,0,100,0,0,100,0,0,100,0,0,100
COUNTY_SAMPLED,0,0,100,0,0,100,0,0,100,0,0,100,0,0,100,0,0,100,0,0,100
CREATED_BY_USER_ID,0,0,100,0,0,100,0,0,100,0,0,100,0,0,100,0,0,100,0,0,100
CREATED_DATE,0,0,100,0,0,100,0,0,100,0,0,100,0,0,100,0,0,100,0,0,100
CREW_SIZE,182567,47.64299,52.357,88305,67.6335,32.3665,4556,52.537,47.463,43365,41.98739,58.0126,8600,23.481,76.5194,15777,31.106,68.8939,21964,41.181,58.8188
DEALER,125720,32.8081,67.1919,36030,27.5957,72.40434,4188,48.293,51.707,45264,43.82607,56.1739,15127,41.301,58.6987,6150,12.125,87.8746,18961,35.551,64.4492
DEALER_CODE,125720,32.8081,67.1919,36030,27.5957,72.40434,4188,48.293,51.707,45264,43.82607,56.1739,15127,41.301,58.6987,6150,12.125,87.8746,18961,35.551,64.4492
DESTINATION_1,383198,100,0,130564,100,0,8672,100,0,103281,100,0,36626,100,0,50720,100,0,53335,100,0
DESTINATION_2,383198,100,0,130564,100,0,8672,100,0,103281,100,0,36626,100,0,50720,100,0,53335,100,0
DESTINATION_3,383198,100,0,130564,100,0,8672,100,0,103281,100,0,36626,100,0,50720,100,0,53335,100,0
EFF_CREATED_DATE1,568,0.14823,99.8518,180,0.1379,99.86214,2,0.023,99.977,185,0.17912,99.8209,53,0.145,99.8553,39,0.077,99.9231,109,0.204,99.7956
EFF_CREATED_DATE2,347471,90.67662,9.3234,124907,95.6673,4.33274,8343,96.206,3.794,91406,88.50224,11.4978,32226,87.987,12.0133,41890,82.591,17.4093,48699,91.308,8.6922
EFF_CREATED_DATE3,381581,99.57802,0.422,130388,99.8652,0.1348,8654,99.792,0.208,102829,99.56236,0.4376,36411,99.413,0.587,50331,99.233,0.767,52968,99.312,0.6881
EFF_CREATED_DATE4,383017,99.95277,0.0472,130508,99.9571,0.04289,8670,99.977,0.023,103276,99.99516,0.0048,36607,99.948,0.0519,50658,99.878,0.1222,53298,99.931,0.0694
EFF_CREATED_DATE5,383198,100,0,130564,100,0,8672,100,0,103281,100,0,36626,100,0,50720,100,0,53335,100,0
EFF_MODIFIED_DATE1,104837,27.35844,72.6416,24857,19.0382,80.96183,3109,35.851,64.149,40869,39.57069,60.4293,13574,37.061,62.9389,6565,12.944,87.0564,15863,29.742,70.2578
EFF_MODIFIED_DATE2,357342,93.25257,6.7474,125641,96.2294,3.77056,8388,96.725,3.275,94979,91.96174,8.0383,33945,92.68,7.3199,43954,86.66,13.3399,50435,94.563,5.4373
EFF_MODIFIED_DATE3,381956,99.67589,0.3241,130412,99.8836,0.11642,8656,99.815,0.185,102853,99.5856,0.4144,36488,99.623,0.3768,50403,99.375,0.625,53144,99.642,0.3581
EFF_MODIFIED_DATE4,383097,99.97364,0.0264,130510,99.9586,0.04136,8670,99.977,0.023,103281,100,0,36610,99.956,0.0437,50720,100,0,53306,99.946,0.0544
EFF_MODIFIED_DATE5,383198,100,0,130564,100,0,8672,100,0,103281,100,0,36626,100,0,50720,100,0,53335,100,0
EFFORT_INTERVIEW_ID,568,0.14823,99.8518,180,0.1379,99.86214,2,0.023,99.977,185,0.17912,99.8209,53,0.145,99.8553,39,0.077,99.9231,109,0.204,99.7956
EFFORT_UNIQUE,0,0,100,0,0,100,0,0,100,0,0,100,0,0,100,0,0,100,0,0,100
END_HOUR_MIN,291623,76.10243,23.8976,113386,86.8432,13.15677,8281,95.491,4.509,79871,77.33368,22.6663,21246,58.008,41.992,28926,57.031,42.9692,39913,74.835,25.1655
END_LENGTH,383113,99.97782,0.0222,130538,99.9801,0.01991,8671,99.988,0.012,103237,99.9574,0.0426,36621,99.986,0.0137,50719,99.998,0.002,53327,99.985,0.015
EXACT_LENGTH,112276,29.29974,70.7003,24442,18.7203,81.27968,1328,15.314,84.686,30412,29.44588,70.5541,13877,37.888,62.1116,28180,55.56,44.4401,14037,26.319,73.6814
FISHING_MODE,0,0,100,0,0,100,0,0,100,0,0,100,0,0,100,0,0,100,0,0,100
FULL_CATCH,0,0,100,0,0,100,0,0,100,0,0,100,0,0,100,0,0,100,0,0,100
GEAR_1,568,0.14823,99.8518,180,0.1379,99.86214,2,0.023,99.977,185,0.17912,99.8209,53,0.145,99.8553,39,0.077,99.9231,109,0.204,99.7956
GEAR_2,347471,90.67662,9.3234,124907,95.6673,4.33274,8343,96.206,3.794,91406,88.50224,11.4978,32226,87.987,12.0133,41890,82.591,17.4093,48699,91.308,8.6922
GEAR_3,381581,99.57802,0.422,130388,99.8652,0.1348,8654,99.792,0.208,102829,99.56236,0.4376,36411,99.413,0.587,50331,99.233,0.767,52968,99.312,0.6881
GEAR_4,383017,99.95277,0.0472,130508,99.9571,0.04289,8670,99.977,0.023,103276,99.99516,0.0048,36607,99.948,0.0519,50658,99.878,0.1222,53298,99.931,0.0694
GEAR_5,383198,100,0,130564,100,0,8672,100,0,103281,100,0,36626,100,0,50720,100,0,53335,100,0
GEAR_FREQUENCY1,303086,79.09384,20.9062,127379,97.5606,2.43942,4535,52.295,47.705,53997,52.28164,47.7184,28906,78.922,21.0779,44532,87.8,12.2003,43737,82.004,17.9957
GEAR_FREQUENCY2,375314,97.94258,2.0574,130287,99.7878,0.21216,8627,99.481,0.519,100218,97.0343,2.9657,35317,96.426,3.574,48746,96.108,3.892,52119,97.72,2.2799
GEAR_FREQUENCY3,382983,99.94389,0.0561,130546,99.9862,0.01379,8670,99.977,0.023,103275,99.99419,0.0058,36578,99.869,0.1311,50718,99.996,0.0039,53196,99.739,0.2606
GEAR_FREQUENCY4,383198,100,0,130564,100,0,8672,100,0,103281,100,0,36626,100,0,50720,100,0,53335,100,0
GEAR_FREQUENCY5,383198,100,0,130564,100,0,8672,100,0,103281,100,0,36626,100,0,50720,100,0,53335,100,0
GEAR_QTY_1,108369,28.28016,71.7198,54017,41.372,58.62795,2842,32.772,67.228,21912,21.21591,78.7841,5891,16.084,83.9158,8243,16.252,83.748,15464,28.994,71.0059
GEAR_QTY_2,362385,94.5686,5.4314,129209,98.9622,1.03781,8563,98.743,1.257,98199,95.07944,4.9206,33176,90.58,9.4195,42673,84.134,15.8655,50565,94.806,5.1936
GEAR_QTY_3,382469,99.80976,0.1902,130519,99.9655,0.03447,8670,99.977,0.023,103257,99.97676,0.0232,36510,99.683,0.3167,50365,99.3,0.6999,53148,99.649,0.3506
GEAR_QTY_4,383118,99.97912,0.0209,130562,99.9985,0.00153,8672,100,0,103276,99.99516,0.0048,36623,99.992,0.0082,50658,99.878,0.1222,53327,99.985,0.015
GEAR_QTY_5,383198,100,0,130564,100,0,8672,100,0,103281,100,0,36626,100,0,50720,100,0,53335,100,0
GEARNAME_1,568,0.14823,99.8518,180,0.1379,99.86214,2,0.023,99.977,185,0.17912,99.8209,53,0.145,99.8553,39,0.077,99.9231,109,0.204,99.7956
GEARNAME_2,568,0.14823,99.8518,180,0.1379,99.86214,2,0.023,99.977,185,0.17912,99.8209,53,0.145,99.8553,39,0.077,99.9231,109,0.204,99.7956
GEARNAME_3,568,0.14823,99.8518,180,0.1379,99.86214,2,0.023,99.977,185,0.17912,99.8209,53,0.145,99.8553,39,0.077,99.9231,109,0.204,99.7956
GEARNAME_4,568,0.14823,99.8518,180,0.1379,99.86214,2,0.023,99.977,185,0.17912,99.8209,53,0.145,99.8553,39,0.077,99.9231,109,0.204,99.7956
GEARNAME_5,568,0.14823,99.8518,180,0.1379,99.86214,2,0.023,99.977,185,0.17912,99.8209,53,0.145,99.8553,39,0.077,99.9231,109,0.204,99.7956
HAS_EFFORT,0,0,100,0,0,100,0,0,100,0,0,100,0,0,100,0,0,100,0,0,100
ID,0,0,100,0,0,100,0,0,100,0,0,100,0,0,100,0,0,100,0,0,100
INFORMATION_SOURCE,1194,0.31159,99.6884,214,0.1639,99.8361,21,0.242,99.758,311,0.30112,99.6989,195,0.532,99.4676,207,0.408,99.5919,246,0.461,99.5388
INT_TYPE,55,0.01435,99.9856,7,0.0054,99.99464,2,0.023,99.977,13,0.01259,99.9874,9,0.025,99.9754,16,0.032,99.9685,8,0.015,99.985
INTERVIEW_COMMENT,259751,67.78506,32.2149,90367,69.2128,30.7872,7065,81.469,18.531,80726,78.16152,21.8385,18341,50.076,49.9236,33105,65.27,34.7299,30147,56.524,43.4761
INTERVIEW_DATE,0,0,100,0,0,100,0,0,100,0,0,100,0,0,100,0,0,100,0,0,100
INTERVIEW_UNIQUE,0,0,100,0,0,100,0,0,100,0,0,100,0,0,100,0,0,100,0,0,100
IS_CHECKED,0,0,100,0,0,100,0,0,100,0,0,100,0,0,100,0,0,100,0,0,100
IS_DISABLED,0,0,100,0,0,100,0,0,100,0,0,100,0,0,100,0,0,100,0,0,100
IS_HISTORICAL,0,0,100,0,0,100,0,0,100,0,0,100,0,0,100,0,0,100,0,0,100
LAND_AGENCY_SPC_NAME,0,0,100,0,0,100,0,0,100,0,0,100,0,0,100,0,0,100,0,0,100
LAND_AREA,167063,43.59704,56.403,86326,66.1178,33.88223,4221,48.674,51.326,33795,32.72141,67.2786,7223,19.721,80.279,14730,29.042,70.9582,20768,38.939,61.0612
LAND_AREA_NAME,167542,43.72204,56.278,86402,66.176,33.82402,4224,48.708,51.292,34039,32.95766,67.0423,7338,20.035,79.9651,14733,29.048,70.9523,20806,39.01,60.99
LAND_CONDITION,0,0,100,0,0,100,0,0,100,0,0,100,0,0,100,0,0,100,0,0,100
LAND_CREATED_BY,0,0,100,0,0,100,0,0,100,0,0,100,0,0,100,0,0,100,0,0,100
LAND_CREATED_DATE,0,0,100,0,0,100,0,0,100,0,0,100,0,0,100,0,0,100,0,0,100
LAND_GEAR_CODE,0,0,100,0,0,100,0,0,100,0,0,100,0,0,100,0,0,100,0,0,100
LAND_GEAR_NAME,56,0.01461,99.9854,17,0.013,99.98698,0,0,100,39,0.03776,99.9622,0,0,100,0,0,100,0,0,100
LAND_GRADE,0,0,100,0,0,100,0,0,100,0,0,100,0,0,100,0,0,100,0,0,100
LAND_ID,0,0,100,0,0,100,0,0,100,0,0,100,0,0,100,0,0,100,0,0,100
LAND_INTERVIEW_ID,0,0,100,0,0,100,0,0,100,0,0,100,0,0,100,0,0,100,0,0,100
LAND_MARKET_CNT_MAX,383198,100,0,130564,100,0,8672,100,0,103281,100,0,36626,100,0,50720,100,0,53335,100,0
LAND_MARKET_CNT_MIN,383198,100,0,130564,100,0,8672,100,0,103281,100,0,36626,100,0,50720,100,0,53335,100,0
LAND_MODIFIED_BY,104326,27.22509,72.7749,25770,19.7374,80.26255,3244,37.408,62.592,40528,39.24052,60.7595,12614,34.44,65.56,6649,13.109,86.8908,15521,29.101,70.899
LAND_MODIFIED_DATE,104326,27.22509,72.7749,25770,19.7374,80.26255,3244,37.408,62.592,40528,39.24052,60.7595,12614,34.44,65.56,6649,13.109,86.8908,15521,29.101,70.899
LAND_REGION,1853,0.48356,99.5164,282,0.216,99.78401,49,0.565,99.435,1092,1.05731,98.9427,243,0.663,99.3365,46,0.091,99.9093,141,0.264,99.7356
LAND_REPLICATE,49785,12.99198,87.008,12140,9.2981,90.70188,1862,21.471,78.529,19753,19.12549,80.8745,6476,17.681,82.3186,2850,5.619,94.3809,6704,12.57,87.4304
LAND_SAMPLE_COUNT,293403,76.56694,23.4331,106305,81.4198,18.58016,7239,83.476,16.524,74514,72.14686,27.8531,23298,63.611,36.3895,43412,85.591,14.4085,38635,72.438,27.5616
LAND_SCIENTIFIC_NAME,1,0.00026,99.9997,0,0,100,0,0,100,1,0.00097,99.999,0,0,100,0,0,100,0,0,100
LAND_SPECIES_CODE,0,0,100,0,0,100,0,0,100,0,0,100,0,0,100,0,0,100,0,0,100
LAND_SPECIES_SIZE,0,0,100,0,0,100,0,0,100,0,0,100,0,0,100,0,0,100,0,0,100
LAND_STANDARD_AREA_ID,167562,43.72726,56.2727,86403,66.1767,33.82326,4224,48.708,51.292,34046,32.96444,67.0356,7338,20.035,79.9651,14733,29.048,70.9523,20818,39.033,60.9675
LAND_STANDARD_AREA_NAME,167562,43.72726,56.2727,86403,66.1767,33.82326,4224,48.708,51.292,34046,32.96444,67.0356,7338,20.035,79.9651,14733,29.048,70.9523,20818,39.033,60.9675
LAND_STANDARD_GEAR,0,0,100,0,0,100,0,0,100,0,0,100,0,0,100,0,0,100,0,0,100
LAND_STANDARD_GEAR_NAME,0,0,100,0,0,100,0,0,100,0,0,100,0,0,100,0,0,100,0,0,100
LAND_STANDARD_SPC_NAME,1,0.00026,99.9997,0,0,100,0,0,100,1,0.00097,99.999,0,0,100,0,0,100,0,0,100
LAND_STANDARD_SPECIES_CODE,1,0.00026,99.9997,0,0,100,0,0,100,1,0.00097,99.999,0,0,100,0,0,100,0,0,100
LAND_WEIGHT,133045,34.71965,65.2804,62438,47.8218,52.17824,3068,35.378,64.622,28826,27.91026,72.0897,9022,24.633,75.3672,12638,24.917,75.0828,17053,31.973,68.0266
LAND_WEIGHT_KG,133045,34.71965,65.2804,62438,47.8218,52.17824,3068,35.378,64.622,28826,27.91026,72.0897,9022,24.633,75.3672,12638,24.917,75.0828,17053,31.973,68.0266
LAND_WEIGHT_UNIT,0,0,100,0,0,100,0,0,100,0,0,100,0,0,100,0,0,100,0,0,100
LAND_WEIGHT_UNIT_CODE,0,0,100,0,0,100,0,0,100,0,0,100,0,0,100,0,0,100,0,0,100
LANDING_AREA_COUNTY_CODE,366,0.09551,99.9045,52,0.0398,99.96017,17,0.196,99.804,186,0.18009,99.8199,4,0.011,99.9891,22,0.043,99.9566,85,0.159,99.8406
LANDING_AREA_PLACE_CODE,5571,1.45382,98.5462,1663,1.2737,98.7263,172,1.983,98.017,1642,1.58984,98.4102,382,1.043,98.957,973,1.918,98.0816,739,1.386,98.6144
LANDING_AREA_STATE_CODE,0,0,100,0,0,100,0,0,100,0,0,100,0,0,100,0,0,100,0,0,100
LANDING_COMMENT,380796,99.37317,0.6268,129920,99.5068,0.49324,8612,99.308,0.692,102134,98.88944,1.1106,36416,99.427,0.5734,50666,99.894,0.1065,53048,99.462,0.5381
LANDING_DATE,178065,46.46814,53.5319,64468,49.3766,50.62345,2922,33.695,66.305,36737,35.56995,64.4301,17380,47.453,52.5474,31577,62.257,37.7425,24981,46.838,53.1621
LANDING_TYPE,0,0,100,0,0,100,0,0,100,0,0,100,0,0,100,0,0,100,0,0,100
LANDING_UNIQUE,0,0,100,0,0,100,0,0,100,0,0,100,0,0,100,0,0,100,0,0,100
LENGTH_INCREMENT,383094,99.97286,0.0271,130536,99.9786,0.02145,8669,99.965,0.035,103224,99.94481,0.0552,36621,99.986,0.0137,50719,99.998,0.002,53325,99.981,0.0187
LENGTH_TYPE_CODE1,0,0,100,0,0,100,0,0,100,0,0,100,0,0,100,0,0,100,0,0,100
LENGTH_TYPE_CODE2,0,0,100,0,0,100,0,0,100,0,0,100,0,0,100,0,0,100,0,0,100
LENGTH_TYPE_CODE3,0,0,100,0,0,100,0,0,100,0,0,100,0,0,100,0,0,100,0,0,100
LENGTH_TYPE1,0,0,100,0,0,100,0,0,100,0,0,100,0,0,100,0,0,100,0,0,100
LENGTH_TYPE2,0,0,100,0,0,100,0,0,100,0,0,100,0,0,100,0,0,100,0,0,100
LENGTH_TYPE3,0,0,100,0,0,100,0,0,100,0,0,100,0,0,100,0,0,100,0,0,100
LENGTH_UNIT_CODE1,0,0,100,0,0,100,0,0,100,0,0,100,0,0,100,0,0,100,0,0,100
LENGTH_UNIT_CODE2,0,0,100,0,0,100,0,0,100,0,0,100,0,0,100,0,0,100,0,0,100
LENGTH_UNIT_CODE3,0,0,100,0,0,100,0,0,100,0,0,100,0,0,100,0,0,100,0,0,100
LENGTH_UNIT1,0,0,100,0,0,100,0,0,100,0,0,100,0,0,100,0,0,100,0,0,100
LENGTH_UNIT2,0,0,100,0,0,100,0,0,100,0,0,100,0,0,100,0,0,100,0,0,100
LENGTH_UNIT3,0,0,100,0,0,100,0,0,100,0,0,100,0,0,100,0,0,100,0,0,100
LENGTH1,779,0.20329,99.7967,75,0.0574,99.94256,35,0.404,99.596,193,0.18687,99.8131,43,0.117,99.8826,261,0.515,99.4854,172,0.322,99.6775
LENGTH1_MM,779,0.20329,99.7967,75,0.0574,99.94256,35,0.404,99.596,193,0.18687,99.8131,43,0.117,99.8826,261,0.515,99.4854,172,0.322,99.6775
LENGTH2,382623,99.84995,0.1501,130406,99.879,0.12101,8669,99.965,0.035,103267,99.98644,0.0136,36386,99.345,0.6553,50705,99.97,0.0296,53190,99.728,0.2719
LENGTH2_MM,382623,99.84995,0.1501,130406,99.879,0.12101,8669,99.965,0.035,103267,99.98644,0.0136,36386,99.345,0.6553,50705,99.97,0.0296,53190,99.728,0.2719
LENGTH3,383190,99.99791,0.0021,130563,99.9992,0.00077,8671,99.988,0.012,103281,100,0,36621,99.986,0.0137,50719,99.998,0.002,53335,100,0
LENGTH3_MM,383190,99.99791,0.0021,130563,99.9992,0.00077,8671,99.988,0.012,103281,100,0,36621,99.986,0.0137,50719,99.998,0.002,53335,100,0
LIC_AGENCY,0,0,100,0,0,100,0,0,100,0,0,100,0,0,100,0,0,100,0,0,100
LICENSE,213697,55.76673,44.2333,77115,59.063,40.93701,3794,43.75,56.25,48989,47.43273,52.5673,17549,47.914,52.0859,39451,77.782,22.2181,26799,50.247,49.7534
LINE,0,0,100,0,0,100,0,0,100,0,0,100,0,0,100,0,0,100,0,0,100
LINE_LENGTH_1,383167,99.99191,0.0081,130564,100,0,8672,100,0,103281,100,0,36625,99.997,0.0027,50690,99.941,0.0591,53335,100,0
LINE_LENGTH_2,383198,100,0,130564,100,0,8672,100,0,103281,100,0,36626,100,0,50720,100,0,53335,100,0
LINE_LENGTH_3,383198,100,0,130564,100,0,8672,100,0,103281,100,0,36626,100,0,50720,100,0,53335,100,0
LINE_LENGTH_4,383198,100,0,130564,100,0,8672,100,0,103281,100,0,36626,100,0,50720,100,0,53335,100,0
LINE_LENGTH_5,383198,100,0,130564,100,0,8672,100,0,103281,100,0,36626,100,0,50720,100,0,53335,100,0
MATURITY_STAGE,0,0,100,0,0,100,0,0,100,0,0,100,0,0,100,0,0,100,0,0,100
MAX_DEPTH1,92869,24.23525,75.7647,42329,32.4201,67.57988,1808,20.849,79.151,14563,14.10037,85.8996,9153,24.99,75.0096,10239,20.187,79.8127,14777,27.706,72.294
MAX_DEPTH2,362197,94.51954,5.4805,128871,98.7033,1.29668,8589,99.043,0.957,98106,94.9894,5.0106,33226,90.717,9.283,43016,84.811,15.1893,50389,94.476,5.5236
MAX_DEPTH3,382472,99.81054,0.1895,130519,99.9655,0.03447,8670,99.977,0.023,103257,99.97676,0.0232,36511,99.686,0.314,50365,99.3,0.6999,53150,99.653,0.3469
MAX_DEPTH4,383118,99.97912,0.0209,130562,99.9985,0.00153,8672,100,0,103276,99.99516,0.0048,36623,99.992,0.0082,50658,99.878,0.1222,53327,99.985,0.015
MAX_DEPTH5,383198,100,0,130564,100,0,8672,100,0,103281,100,0,36626,100,0,50720,100,0,53335,100,0
MIN_DEPTH1,4869,1.27062,98.7294,1879,1.4391,98.56086,42,0.484,99.516,1184,1.14639,98.8536,567,1.548,98.4519,226,0.446,99.5544,971,1.821,98.1794
MIN_DEPTH2,359051,93.69856,6.3014,128051,98.0753,1.92473,8502,98.04,1.96,97668,94.56531,5.4347,32808,89.576,10.4243,42489,83.772,16.2283,49533,92.871,7.1285
MIN_DEPTH3,382254,99.75365,0.2463,130450,99.9127,0.08731,8667,99.942,0.058,103236,99.95643,0.0436,36477,99.593,0.4068,50363,99.296,0.7039,53061,99.486,0.5137
MIN_DEPTH4,383032,99.95668,0.0433,130511,99.9594,0.04059,8670,99.977,0.023,103276,99.99516,0.0048,36607,99.948,0.0519,50658,99.878,0.1222,53310,99.953,0.0469
MIN_DEPTH5,383198,100,0,130564,100,0,8672,100,0,103281,100,0,36626,100,0,50720,100,0,53335,100,0
MODIFIED_BY_USER_ID,0,0,100,0,0,100,0,0,100,0,0,100,0,0,100,0,0,100,0,0,100
MODIFIED_DATE,0,0,100,0,0,100,0,0,100,0,0,100,0,0,100,0,0,100,0,0,100
NBR_VESSELS,4905,1.28002,98.72,771,0.5905,99.40949,10,0.115,99.885,2814,2.72461,97.2754,404,1.103,98.897,362,0.714,99.2863,544,1.02,98.98
NUMBER_OF_EFFORT_RECORDS,568,0.14823,99.8518,180,0.1379,99.86214,2,0.023,99.977,185,0.17912,99.8209,53,0.145,99.8553,39,0.077,99.9231,109,0.204,99.7956
NUMBER_OF_GEAR_1,303915,79.31017,20.6898,124310,95.21,4.78999,7892,91.006,8.994,75241,72.85077,27.1492,20686,56.479,43.521,33275,65.605,34.3947,42511,79.706,20.2944
NUMBER_OF_GEAR_2,372892,97.31053,2.6895,130071,99.6224,0.37759,8616,99.354,0.646,100754,97.55328,2.4467,34570,94.387,5.6135,46585,91.847,8.1526,52296,98.052,1.9481
NUMBER_OF_GEAR_3,383105,99.97573,0.0243,130556,99.9939,0.00613,8671,99.988,0.012,103281,100,0,36577,99.866,0.1338,50718,99.996,0.0039,53302,99.938,0.0619
NUMBER_OF_GEAR_4,383198,100,0,130564,100,0,8672,100,0,103281,100,0,36626,100,0,50720,100,0,53335,100,0
NUMBER_OF_GEAR_5,383198,100,0,130564,100,0,8672,100,0,103281,100,0,36626,100,0,50720,100,0,53335,100,0
OBS_AGENCY_SPC_NAME,0,0,100,0,0,100,0,0,100,0,0,100,0,0,100,0,0,100,0,0,100
OBS_COMMENT,382652,99.85751,0.1425,130537,99.9793,0.02068,8672,100,0,102826,99.55945,0.4405,36574,99.858,0.142,50718,99.996,0.0039,53325,99.981,0.0187
OBS_CREATED_BY_USER_ID,0,0,100,0,0,100,0,0,100,0,0,100,0,0,100,0,0,100,0,0,100
OBS_CREATED_DATE,0,0,100,0,0,100,0,0,100,0,0,100,0,0,100,0,0,100,0,0,100
OBS_GRADE,0,0,100,0,0,100,0,0,100,0,0,100,0,0,100,0,0,100,0,0,100
OBS_GROUP,332225,86.698,13.302,117864,90.273,9.72703,6797,78.379,21.621,83215,80.57145,19.4285,30088,82.149,17.8507,47729,94.103,5.8971,46532,87.245,12.7552
OBS_ID,0,0,100,0,0,100,0,0,100,0,0,100,0,0,100,0,0,100,0,0,100
OBS_INTERVIEW_ID,0,0,100,0,0,100,0,0,100,0,0,100,0,0,100,0,0,100,0,0,100
OBS_MODIFIED_BY,48915,12.76494,87.2351,14116,10.8116,89.18844,1362,15.706,84.294,21047,20.37839,79.6216,2821,7.702,92.2978,4720,9.306,90.694,4849,9.092,90.9084
OBS_MODIFIED_DATE,48915,12.76494,87.2351,14116,10.8116,89.18844,1362,15.706,84.294,21047,20.37839,79.6216,2821,7.702,92.2978,4720,9.306,90.694,4849,9.092,90.9084
OBS_OLD_SAMPLE_ID,49788,12.99276,87.0072,12141,9.2989,90.70111,1862,21.471,78.529,19753,19.12549,80.8745,6476,17.681,82.3186,2850,5.619,94.3809,6706,12.573,87.4266
OBS_REPLICATE,49788,12.99276,87.0072,12141,9.2989,90.70111,1862,21.471,78.529,19753,19.12549,80.8745,6476,17.681,82.3186,2850,5.619,94.3809,6706,12.573,87.4266
OBS_SAMPLE_ID,0,0,100,0,0,100,0,0,100,0,0,100,0,0,100,0,0,100,0,0,100
OBS_SCIENTIFIC_NAME,0,0,100,0,0,100,0,0,100,0,0,100,0,0,100,0,0,100,0,0,100
OBS_SPECIES_CODE,0,0,100,0,0,100,0,0,100,0,0,100,0,0,100,0,0,100,0,0,100
OBS_SPECIES_SIZE,0,0,100,0,0,100,0,0,100,0,0,100,0,0,100,0,0,100,0,0,100
OBS_SPECIES_SIZE_CODE,0,0,100,0,0,100,0,0,100,0,0,100,0,0,100,0,0,100,0,0,100
OBS_STANDARD_SPECIES_CODE,0,0,100,0,0,100,0,0,100,0,0,100,0,0,100,0,0,100,0,0,100
OBS_STANDARD_SPECIES_NAME,0,0,100,0,0,100,0,0,100,0,0,100,0,0,100,0,0,100,0,0,100
OBS_WEIGHT,103046,26.89106,73.1089,32232,24.6867,75.31326,3628,41.836,58.164,40374,39.09141,60.9086,6575,17.952,82.0483,6521,12.857,87.1431,13716,25.717,74.2833
OBS_WEIGHT_KG,103046,26.89106,73.1089,32232,24.6867,75.31326,3628,41.836,58.164,40374,39.09141,60.9086,6575,17.952,82.0483,6521,12.857,87.1431,13716,25.717,74.2833
OBS_WEIGHT_UNIT,0,0,100,0,0,100,0,0,100,0,0,100,0,0,100,0,0,100,0,0,100
OBS_WEIGHT_UNIT_ID,0,0,100,0,0,100,0,0,100,0,0,100,0,0,100,0,0,100,0,0,100
OBSERVATION_UNIQUE,0,0,100,0,0,100,0,0,100,0,0,100,0,0,100,0,0,100,0,0,100
OBSERVER_ONBOARD,370670,96.73067,3.2693,127359,97.5453,2.45473,8478,97.763,2.237,100264,97.07884,2.9212,34501,94.198,5.8019,49109,96.824,3.1763,50959,95.545,4.4549
OFFICIAL_VESSEL_NAME,123349,32.18936,67.8106,23297,17.8434,82.15664,3368,38.838,61.162,51171,49.54541,50.4546,15388,42.014,57.9861,13947,27.498,72.502,16178,30.333,69.6672
OLD_SEQUENCE_NUMBER,121148,31.61499,68.385,28165,21.5718,78.4282,3410,39.322,60.678,46660,45.17772,54.8223,16006,43.701,56.2988,8158,16.084,83.9156,18749,35.153,64.8467
ORIGINAL_AGENT_USERNAME_ID,0,0,100,0,0,100,0,0,100,0,0,100,0,0,100,0,0,100,0,0,100
PLACE_LANDED,4757,1.24139,98.7586,1561,1.1956,98.80442,155,1.787,98.213,1266,1.22578,98.7742,251,0.685,99.3147,935,1.843,98.1565,589,1.104,98.8957
PLACE_SAMPLED,4439,1.15841,98.8416,1484,1.1366,98.86339,145,1.672,98.328,1098,1.06312,98.9369,222,0.606,99.3939,933,1.84,98.1605,557,1.044,98.9557
PURCHASING_DEALER_CODE1,125720,32.8081,67.1919,36030,27.5957,72.40434,4188,48.293,51.707,45264,43.82607,56.1739,15127,41.301,58.6987,6150,12.125,87.8746,18961,35.551,64.4492
PURCHASING_DEALER_CODE2,383198,100,0,130564,100,0,8672,100,0,103281,100,0,36626,100,0,50720,100,0,53335,100,0
PURCHASING_DEALER_COUNTY_CODE1,125720,32.8081,67.1919,36030,27.5957,72.40434,4188,48.293,51.707,45264,43.82607,56.1739,15127,41.301,58.6987,6150,12.125,87.8746,18961,35.551,64.4492
PURCHASING_DEALER_COUNTY_CODE2,383198,100,0,130564,100,0,8672,100,0,103281,100,0,36626,100,0,50720,100,0,53335,100,0
PURCHASING_DEALER_COUNTY_NAME1,125720,32.8081,67.1919,36030,27.5957,72.40434,4188,48.293,51.707,45264,43.82607,56.1739,15127,41.301,58.6987,6150,12.125,87.8746,18961,35.551,64.4492
PURCHASING_DEALER_COUNTY_NAME2,383198,100,0,130564,100,0,8672,100,0,103281,100,0,36626,100,0,50720,100,0,53335,100,0
PURCHASING_DEALER_NAME1,125720,32.8081,67.1919,36030,27.5957,72.40434,4188,48.293,51.707,45264,43.82607,56.1739,15127,41.301,58.6987,6150,12.125,87.8746,18961,35.551,64.4492
PURCHASING_DEALER_NAME2,383198,100,0,130564,100,0,8672,100,0,103281,100,0,36626,100,0,50720,100,0,53335,100,0
PURCHASING_DEALER_STATE_CODE1,125720,32.8081,67.1919,36030,27.5957,72.40434,4188,48.293,51.707,45264,43.82607,56.1739,15127,41.301,58.6987,6150,12.125,87.8746,18961,35.551,64.4492
PURCHASING_DEALER_STATE_CODE2,383198,100,0,130564,100,0,8672,100,0,103281,100,0,36626,100,0,50720,100,0,53335,100,0
QUANTITY,0,0,100,0,0,100,0,0,100,0,0,100,0,0,100,0,0,100,0,0,100
REC,0,0,100,0,0,100,0,0,100,0,0,100,0,0,100,0,0,100,0,0,100
REGIONNAME_1,14549,3.79673,96.2033,5702,4.3672,95.63279,704,8.118,91.882,4158,4.02591,95.9741,796,2.173,97.8267,1176,2.319,97.6814,2013,3.774,96.2257
REGIONNAME_2,347502,90.68471,9.3153,124907,95.6673,4.33274,8343,96.206,3.794,91409,88.50515,11.4949,32231,88,11.9997,41895,82.601,17.3994,48717,91.342,8.6585
REGIONNAME_3,381581,99.57802,0.422,130388,99.8652,0.1348,8654,99.792,0.208,102829,99.56236,0.4376,36411,99.413,0.587,50331,99.233,0.767,52968,99.312,0.6881
REGIONNAME_4,383017,99.95277,0.0472,130508,99.9571,0.04289,8670,99.977,0.023,103276,99.99516,0.0048,36607,99.948,0.0519,50658,99.878,0.1222,53298,99.931,0.0694
REGIONNAME_5,383198,100,0,130564,100,0,8672,100,0,103281,100,0,36626,100,0,50720,100,0,53335,100,0
REPORTING_AREA_ZIP,328951,85.84361,14.1564,101849,78.007,21.99305,7527,86.797,13.203,92500,89.56149,10.4385,34154,93.251,6.7493,46749,92.171,7.8293,46172,86.57,13.4302
S_SAMPLE_COUNT,155988,40.70689,59.2931,76444,58.5491,41.45094,3993,46.045,53.955,28304,27.40485,72.5952,8943,24.417,75.5829,16392,32.319,67.6814,21912,41.084,58.9163
SAMPLE_AGENCY_SPC_NAME,0,0,100,0,0,100,0,0,100,0,0,100,0,0,100,0,0,100,0,0,100
SAMPLE_AREA_COUNTY_CODE,0,0,100,0,0,100,0,0,100,0,0,100,0,0,100,0,0,100,0,0,100
SAMPLE_AREA_PLACE_CODE,4446,1.16024,98.8398,1488,1.1397,98.86033,145,1.672,98.328,1098,1.06312,98.9369,225,0.614,99.3857,933,1.84,98.1605,557,1.044,98.9557
SAMPLE_AREA_STATE_CODE,0,0,100,0,0,100,0,0,100,0,0,100,0,0,100,0,0,100,0,0,100
SAMPLE_AREA_ZIP,354174,92.42585,7.5742,112287,86.0015,13.9985,7995,92.193,7.807,99671,96.50468,3.4953,35758,97.63,2.3699,49110,96.826,3.1743,49353,92.534,7.466
SAMPLE_COMMENT,380685,99.3442,0.6558,129911,99.4999,0.50014,8656,99.815,0.185,102479,99.22348,0.7765,36199,98.834,1.1658,50583,99.73,0.2701,52857,99.104,0.8962
SAMPLE_CONDITION,0,0,100,0,0,100,0,0,100,0,0,100,0,0,100,0,0,100,0,0,100
SAMPLE_CREATED_BY,0,0,100,0,0,100,0,0,100,0,0,100,0,0,100,0,0,100,0,0,100
SAMPLE_CREATED_DATE,0,0,100,0,0,100,0,0,100,0,0,100,0,0,100,0,0,100,0,0,100
SAMPLE_GRADE,0,0,100,0,0,100,0,0,100,0,0,100,0,0,100,0,0,100,0,0,100
SAMPLE_ID,0,0,100,0,0,100,0,0,100,0,0,100,0,0,100,0,0,100,0,0,100
SAMPLE_INTERVIEW_ID,0,0,100,0,0,100,0,0,100,0,0,100,0,0,100,0,0,100,0,0,100
SAMPLE_LAND_ID,0,0,100,0,0,100,0,0,100,0,0,100,0,0,100,0,0,100,0,0,100
SAMPLE_METHOD,0,0,100,0,0,100,0,0,100,0,0,100,0,0,100,0,0,100,0,0,100
SAMPLE_METHOD_TYPE,0,0,100,0,0,100,0,0,100,0,0,100,0,0,100,0,0,100,0,0,100
SAMPLE_METHOD_TYPE_CODE,0,0,100,0,0,100,0,0,100,0,0,100,0,0,100,0,0,100,0,0,100
SAMPLE_MODIFIED_BY,47429,12.37715,87.6228,11538,8.837,91.16295,1791,20.653,79.347,19044,18.43902,81.561,6215,16.969,83.0312,2720,5.363,94.6372,6121,11.477,88.5235
SAMPLE_MODIFIED_DATE,47429,12.37715,87.6228,11538,8.837,91.16295,1791,20.653,79.347,19044,18.43902,81.561,6215,16.969,83.0312,2720,5.363,94.6372,6121,11.477,88.5235
SAMPLE_RANDOM,0,0,100,0,0,100,0,0,100,0,0,100,0,0,100,0,0,100,0,0,100
SAMPLE_REPLICATE,49785,12.99198,87.008,12140,9.2981,90.70188,1862,21.471,78.529,19753,19.12549,80.8745,6476,17.681,82.3186,2850,5.619,94.3809,6704,12.57,87.4304
SAMPLE_SAMPLE_NUMBER_OLD,49785,12.99198,87.008,12140,9.2981,90.70188,1862,21.471,78.529,19753,19.12549,80.8745,6476,17.681,82.3186,2850,5.619,94.3809,6704,12.57,87.4304
SAMPLE_SCIENTIFIC_NAME,1030,0.26879,99.7312,598,0.458,99.54199,0,0,100,55,0.05325,99.9467,95,0.259,99.7406,52,0.103,99.8975,230,0.431,99.5688
SAMPLE_SIZE_CODE,0,0,100,0,0,100,0,0,100,0,0,100,0,0,100,0,0,100,0,0,100
SAMPLE_SPECIES_CODE,0,0,100,0,0,100,0,0,100,0,0,100,0,0,100,0,0,100,0,0,100
SAMPLE_SPECIES_SIZE,0,0,100,0,0,100,0,0,100,0,0,100,0,0,100,0,0,100,0,0,100
SAMPLE_STANDARD_SPECIES_CODE,1030,0.26879,99.7312,598,0.458,99.54199,0,0,100,55,0.05325,99.9467,95,0.259,99.7406,52,0.103,99.8975,230,0.431,99.5688
SAMPLE_STANDARD_SPECIES_NAME,1030,0.26879,99.7312,598,0.458,99.54199,0,0,100,55,0.05325,99.9467,95,0.259,99.7406,52,0.103,99.8975,230,0.431,99.5688
SAMPLE_TYPE_1,332665,86.81282,13.1872,118001,90.3779,9.6221,6802,78.436,21.564,83386,80.73702,19.263,30123,82.245,17.7551,47764,94.172,5.8281,46589,87.352,12.6484
SAMPLE_TYPE_2,333210,86.95505,13.045,118403,90.6858,9.31421,6810,78.529,21.471,83401,80.75154,19.2485,30134,82.275,17.7251,47852,94.345,5.6546,46610,87.391,12.609
SAMPLE_TYPE3,333230,86.96027,13.0397,118423,90.7011,9.29889,6810,78.529,21.471,83401,80.75154,19.2485,30134,82.275,17.7251,47852,94.345,5.6546,46610,87.391,12.609
SAMPLE_UNIQUE,0,0,100,0,0,100,0,0,100,0,0,100,0,0,100,0,0,100,0,0,100
SAMPLE_WEIGHT,232783,60.74745,39.2526,98911,75.7567,24.24328,7051,81.308,18.692,60285,58.36988,41.6301,14893,40.662,59.3376,20078,39.586,60.414,31565,59.183,40.8175
SAMPLE_WEIGHT_KG,232783,60.74745,39.2526,98911,75.7567,24.24328,7051,81.308,18.692,60285,58.36988,41.6301,14893,40.662,59.3376,20078,39.586,60.414,31565,59.183,40.8175
SAMPLE_WEIGHT_UNIT,0,0,100,0,0,100,0,0,100,0,0,100,0,0,100,0,0,100,0,0,100
SAMPLE_WEIGHT_UNIT_ID,0,0,100,0,0,100,0,0,100,0,0,100,0,0,100,0,0,100,0,0,100
SECONDARY_SEX,381108,99.45459,0.5454,130564,100,0,7450,85.909,14.091,103218,99.939,0.061,36622,99.989,0.0109,49919,98.421,1.5793,53335,100,0
SEX,0,0,100,0,0,100,0,0,100,0,0,100,0,0,100,0,0,100,0,0,100
SEX_NAME,1,0.00026,99.9997,0,0,100,0,0,100,1,0.00097,99.999,0,0,100,0,0,100,0,0,100
SITE_LOCATION,135900,35.46469,64.5353,34146,26.1527,73.84731,3685,42.493,57.507,48667,47.12096,52.879,18110,49.446,50.5543,10283,20.274,79.7259,21009,39.391,60.6094
SOAK_TIME_1,69851,18.22844,81.7716,27575,21.1199,78.88009,1698,19.58,80.42,16925,16.38733,83.6127,7391,20.18,79.8203,5244,10.339,89.6609,11018,20.658,79.3419
SOAK_TIME_2,362991,94.72675,5.2733,128773,98.6283,1.37174,8560,98.708,1.292,98971,95.82692,4.1731,33567,91.648,8.352,42916,84.614,15.3864,50204,94.13,5.8704
SOAK_TIME_3,382494,99.81628,0.1837,130521,99.9671,0.03293,8670,99.977,0.023,103257,99.97676,0.0232,36528,99.732,0.2676,50367,99.304,0.696,53151,99.655,0.345
SOAK_TIME_4,383118,99.97912,0.0209,130562,99.9985,0.00153,8672,100,0,103276,99.99516,0.0048,36623,99.992,0.0082,50658,99.878,0.1222,53327,99.985,0.015
SOAK_TIME_5,383198,100,0,130564,100,0,8672,100,0,103281,100,0,36626,100,0,50720,100,0,53335,100,0
STANDARDAREA_1,15643,4.08222,95.9178,5863,4.4905,95.50948,707,8.153,91.847,4735,4.58458,95.4154,1032,2.818,97.1823,1197,2.36,97.64,2109,3.954,96.0457
STANDARDAREA_2,347603,90.71107,9.2889,124907,95.6673,4.33274,8343,96.206,3.794,91508,88.601,11.399,32231,88,11.9997,41897,82.604,17.3955,48717,91.342,8.6585
STANDARDAREA_3,381581,99.57802,0.422,130388,99.8652,0.1348,8654,99.792,0.208,102829,99.56236,0.4376,36411,99.413,0.587,50331,99.233,0.767,52968,99.312,0.6881
STANDARDAREA_4,383017,99.95277,0.0472,130508,99.9571,0.04289,8670,99.977,0.023,103276,99.99516,0.0048,36607,99.948,0.0519,50658,99.878,0.1222,53298,99.931,0.0694
STANDARDAREA_5,383198,100,0,130564,100,0,8672,100,0,103281,100,0,36626,100,0,50720,100,0,53335,100,0
STANDARDAREANAME_1,15643,4.08222,95.9178,5863,4.4905,95.50948,707,8.153,91.847,4735,4.58458,95.4154,1032,2.818,97.1823,1197,2.36,97.64,2109,3.954,96.0457
STANDARDAREANAME_2,347603,90.71107,9.2889,124907,95.6673,4.33274,8343,96.206,3.794,91508,88.601,11.399,32231,88,11.9997,41897,82.604,17.3955,48717,91.342,8.6585
STANDARDAREANAME_3,381581,99.57802,0.422,130388,99.8652,0.1348,8654,99.792,0.208,102829,99.56236,0.4376,36411,99.413,0.587,50331,99.233,0.767,52968,99.312,0.6881
STANDARDAREANAME_4,383017,99.95277,0.0472,130508,99.9571,0.04289,8670,99.977,0.023,103276,99.99516,0.0048,36607,99.948,0.0519,50658,99.878,0.1222,53298,99.931,0.0694
STANDARDAREANAME_5,383198,100,0,130564,100,0,8672,100,0,103281,100,0,36626,100,0,50720,100,0,53335,100,0
STANDARDGEAR_1,568,0.14823,99.8518,180,0.1379,99.86214,2,0.023,99.977,185,0.17912,99.8209,53,0.145,99.8553,39,0.077,99.9231,109,0.204,99.7956
STANDARDGEAR_2,568,0.14823,99.8518,180,0.1379,99.86214,2,0.023,99.977,185,0.17912,99.8209,53,0.145,99.8553,39,0.077,99.9231,109,0.204,99.7956
STANDARDGEAR_3,568,0.14823,99.8518,180,0.1379,99.86214,2,0.023,99.977,185,0.17912,99.8209,53,0.145,99.8553,39,0.077,99.9231,109,0.204,99.7956
STANDARDGEAR_4,568,0.14823,99.8518,180,0.1379,99.86214,2,0.023,99.977,185,0.17912,99.8209,53,0.145,99.8553,39,0.077,99.9231,109,0.204,99.7956
STANDARDGEAR_5,568,0.14823,99.8518,180,0.1379,99.86214,2,0.023,99.977,185,0.17912,99.8209,53,0.145,99.8553,39,0.077,99.9231,109,0.204,99.7956
STANDARDGEARNAME_1,659,0.17197,99.828,198,0.1516,99.84835,6,0.069,99.931,252,0.24399,99.756,53,0.145,99.8553,39,0.077,99.9231,111,0.208,99.7919
STANDARDGEARNAME_2,347471,90.67662,9.3234,124907,95.6673,4.33274,8343,96.206,3.794,91406,88.50224,11.4978,32226,87.987,12.0133,41890,82.591,17.4093,48699,91.308,8.6922
STANDARDGEARNAME_3,381581,99.57802,0.422,130388,99.8652,0.1348,8654,99.792,0.208,102829,99.56236,0.4376,36411,99.413,0.587,50331,99.233,0.767,52968,99.312,0.6881
STANDARDGEARNAME_4,383017,99.95277,0.0472,130508,99.9571,0.04289,8670,99.977,0.023,103276,99.99516,0.0048,36607,99.948,0.0519,50658,99.878,0.1222,53298,99.931,0.0694
STANDARDGEARNAME_5,383198,100,0,130564,100,0,8672,100,0,103281,100,0,36626,100,0,50720,100,0,53335,100,0
START_DATE,173673,45.322,54.678,60633,46.4393,53.56071,2920,33.672,66.328,36613,35.44989,64.5501,17304,47.245,52.7549,31545,62.194,37.8056,24658,46.232,53.7677
START_LENGTH,383113,99.97782,0.0222,130538,99.9801,0.01991,8671,99.988,0.012,103237,99.9574,0.0426,36621,99.986,0.0137,50719,99.998,0.002,53327,99.985,0.015
STATE_LANDED,0,0,100,0,0,100,0,0,100,0,0,100,0,0,100,0,0,100,0,0,100
STATE_SAMPLED,0,0,100,0,0,100,0,0,100,0,0,100,0,0,100,0,0,100,0,0,100
STATUS,0,0,100,0,0,100,0,0,100,0,0,100,0,0,100,0,0,100,0,0,100
SUB_SAMPLE_CONDITION,381616,99.58716,0.4128,130108,99.6507,0.34925,8665,99.919,0.081,103093,99.81797,0.182,36192,98.815,1.185,50611,99.785,0.2149,52947,99.273,0.7275
SUB_SAMPLE_COUNT,381616,99.58716,0.4128,130108,99.6507,0.34925,8665,99.919,0.081,103093,99.81797,0.182,36192,98.815,1.185,50611,99.785,0.2149,52947,99.273,0.7275
SUB_SAMPLE_RANDOM,382524,99.82411,0.1759,130400,99.8744,0.12561,8672,100,0,103093,99.81797,0.182,36531,99.741,0.2594,50649,99.86,0.14,53179,99.708,0.2925
SUB_SAMPLE_WEIGHT,382524,99.82411,0.1759,130400,99.8744,0.12561,8672,100,0,103093,99.81797,0.182,36531,99.741,0.2594,50649,99.86,0.14,53179,99.708,0.2925
SUB_SAMPLE_WEIGHT_KG,382524,99.82411,0.1759,130400,99.8744,0.12561,8672,100,0,103093,99.81797,0.182,36531,99.741,0.2594,50649,99.86,0.14,53179,99.708,0.2925
SUB_SAMPLE_WEIGHT_UNIT,382524,99.82411,0.1759,130400,99.8744,0.12561,8672,100,0,103093,99.81797,0.182,36531,99.741,0.2594,50649,99.86,0.14,53179,99.708,0.2925
SUB_SAMPLE_WEIGHT_UNIT_CODE,382524,99.82411,0.1759,130400,99.8744,0.12561,8672,100,0,103093,99.81797,0.182,36531,99.741,0.2594,50649,99.86,0.14,53179,99.708,0.2925
TAG1,382633,99.85256,0.1474,130142,99.6768,0.32321,8664,99.908,0.092,103266,99.98548,0.0145,36615,99.97,0.03,50632,99.826,0.1735,53314,99.961,0.0394
TAG2,383178,99.99478,0.0052,130544,99.9847,0.01532,8672,100,0,103281,100,0,36626,100,0,50720,100,0,53335,100,0
TAG3,383198,100,0,130564,100,0,8672,100,0,103281,100,0,36626,100,0,50720,100,0,53335,100,0
TERMINATION,0,0,100,0,0,100,0,0,100,0,0,100,0,0,100,0,0,100,0,0,100
TICKET,316486,82.59072,17.4093,116931,89.5584,10.44162,5339,61.566,38.434,70090,67.8634,32.1366,31113,84.948,15.0521,48575,95.771,4.2291,44438,83.319,16.6814
TICKET_AGENCY,316486,82.59072,17.4093,116931,89.5584,10.44162,5339,61.566,38.434,70090,67.8634,32.1366,31113,84.948,15.0521,48575,95.771,4.2291,44438,83.319,16.6814
TICKET_AGENCY2,379292,98.98068,1.0193,129740,99.3689,0.63111,8514,98.178,1.822,101148,97.93476,2.0652,36440,99.492,0.5078,50485,99.537,0.4633,52965,99.306,0.6937
TICKET2,383154,99.98852,0.0115,130556,99.9939,0.00613,8670,99.977,0.023,103250,99.96998,0.03,36626,100,0,50720,100,0,53332,99.994,0.0056
TRIP_DAYS_FISHED,64446,16.81794,83.1821,22361,17.1265,82.87353,1422,16.398,83.602,16987,16.44736,83.5526,5832,15.923,84.0769,9671,19.067,80.9326,8173,15.324,84.6761
TRIP_DAYS_OUT,60108,15.68589,84.3141,21516,16.4793,83.52073,1377,15.879,84.121,14446,13.98708,86.0129,5385,14.703,85.2973,9513,18.756,81.2441,7871,14.758,85.2423
TRIP_NUMBER,268627,70.10136,29.8986,104015,79.6659,20.33409,5307,61.197,38.803,59215,57.33388,42.6661,21137,57.71,42.2896,43219,85.211,14.789,35734,66.999,33.0008
UNLOAD_DATE,185716,48.46476,51.5352,65581,50.229,49.77099,2977,34.329,65.671,38409,37.18883,62.8112,20127,54.953,45.0472,32095,63.279,36.7212,26527,49.737,50.2634
UNUSUAL_LENGTH,383176,99.99426,0.0057,130564,100,0,8671,99.988,0.012,103267,99.98644,0.0136,36625,99.997,0.0027,50719,99.998,0.002,53330,99.991,0.0094
VESSEL_ID,109237,28.50667,71.4933,18333,14.0414,85.95861,3289,37.927,62.073,48665,47.11902,52.881,12554,34.276,65.7238,12798,25.233,74.7674,13598,25.495,74.5045
VESSEL_NAME,324248,84.61631,15.3837,112806,86.399,13.60099,8140,93.865,6.135,88657,85.84057,14.1594,26113,71.296,28.7037,45427,89.564,10.4357,43105,80.819,19.1807
VTR_NUMBER,383198,100,0,130564,100,0,8672,100,0,103281,100,0,36626,100,0,50720,100,0,53335,100,0
YEAR,0,0,100,0,0,100,0,0,100,0,0,100,0,0,100,0,0,100,0,0,100
