"","Row.names","na_count_13","percent_na_13","percent_reported_13","na_count_14","percent_na_14","percent_reported_14","na_count_15","percent_na_15","percent_reported_15","na_count_16","percent_na_16","percent_reported_16","na_count_17","percent_na_17","percent_reported_17","na_count_18","percent_na_18","percent_reported_18","na_count_19","percent_na_19","percent_reported_19","na_count_20","percent_na_20","percent_reported_20","na_count_21","percent_na_21","percent_reported_21","na_count_22","percent_na_22","percent_reported_22"
"1","AGE",7431,100,0,8725,100,0,8248,100,0,11906,100,0,9795,100,0,9460,100,0,9836,100,0,978,100,0,2270,100,0,5149,100,0
"2","AGE_STATUS",7431,100,0,8725,100,0,8248,100,0,11906,100,0,9795,100,0,9460,100,0,9836,100,0,978,100,0,2270,100,0,5149,100,0
"3","AGENCY_ID",0,0,100,0,0,100,0,0,100,0,0,100,0,0,100,0,0,100,0,0,100,0,0,100,0,0,100,0,0,100
"4","AGENCY_NAME",0,0,100,0,0,100,0,0,100,0,0,100,0,0,100,0,0,100,0,0,100,0,0,100,0,0,100,0,0,100
"5","AGENCY_SHORT_NAME",0,0,100,0,0,100,0,0,100,0,0,100,0,0,100,0,0,100,0,0,100,0,0,100,0,0,100,0,0,100
"6","AGENT_USERNAME_ID",0,0,100,0,0,100,0,0,100,0,0,100,0,0,100,0,0,100,0,0,100,0,0,100,0,0,100,0,0,100
"7","AREA_1",0,0,100,1,0.0114613180515759,99.9885386819484,0,0,100,208,1.74701831009575,98.2529816899042,103,1.05155691679428,98.9484430832057,8,0.0845665961945032,99.9154334038055,12,0.122000813338756,99.8779991866612,1,0.102249488752556,99.8977505112474,0,0,100,0,0,100
"8","AREA_2",7280,97.9679720091509,2.03202799084914,8269,94.7736389684814,5.22636103151862,7493,90.8462657613967,9.15373423860329,11299,94.9017302200571,5.09826977994288,8258,84.3083205717203,15.6916794282797,8326,88.0126849894292,11.9873150105708,9472,96.2993086620578,3.70069133794225,906,92.6380368098159,7.36196319018406,1915,84.3612334801762,15.6387665198238,4913,95.4165857448048,4.58341425519518
"9","AREA_3",7431,100,0,8725,100,0,8231,99.7938894277401,0.206110572259945,11906,100,0,9792,99.9693721286371,0.0306278713629382,9435,99.7357293868922,0.264270613107826,9816,99.7966653111021,0.203334688897925,978,100,0,2270,100,0,5020,97.4946591571179,2.50534084288211
"10","AREA_4",7431,100,0,8725,100,0,8248,100,0,11906,100,0,9795,100,0,9460,100,0,9836,100,0,978,100,0,2270,100,0,5149,100,0
"11","AREA_5",7431,100,0,8725,100,0,8248,100,0,11906,100,0,9795,100,0,9460,100,0,9836,100,0,978,100,0,2270,100,0,5149,100,0
"12","AREANAME_1",0,0,100,1,0.0114613180515759,99.9885386819484,0,0,100,208,1.74701831009575,98.2529816899042,103,1.05155691679428,98.9484430832057,8,0.0845665961945032,99.9154334038055,12,0.122000813338756,99.8779991866612,1,0.102249488752556,99.8977505112474,0,0,100,0,0,100
"13","AREANAME_2",7280,97.9679720091509,2.03202799084914,8269,94.7736389684814,5.22636103151862,7493,90.8462657613967,9.15373423860329,11299,94.9017302200571,5.09826977994288,8258,84.3083205717203,15.6916794282797,8326,88.0126849894292,11.9873150105708,9472,96.2993086620578,3.70069133794225,906,92.6380368098159,7.36196319018406,1915,84.3612334801762,15.6387665198238,4913,95.4165857448048,4.58341425519518
"14","AREANAME_3",7431,100,0,8725,100,0,8231,99.7938894277401,0.206110572259945,11906,100,0,9792,99.9693721286371,0.0306278713629382,9435,99.7357293868922,0.264270613107826,9816,99.7966653111021,0.203334688897925,978,100,0,2270,100,0,5020,97.4946591571179,2.50534084288211
"15","AREANAME_4",7431,100,0,8725,100,0,8248,100,0,11906,100,0,9795,100,0,9460,100,0,9836,100,0,978,100,0,2270,100,0,5149,100,0
"16","AREANAME_5",7431,100,0,8725,100,0,8248,100,0,11906,100,0,9795,100,0,9460,100,0,9836,100,0,978,100,0,2270,100,0,5149,100,0
"17","BEGIN_HOUR_MIN",6102,82.1154622527251,17.8845377472749,8595,98.5100286532951,1.48997134670486,7959,96.496120271581,3.50387972841901,7094,59.5834033260541,40.4165966739459,4055,41.3986727922409,58.6013272077591,4130,43.6575052854123,56.3424947145877,5181,52.6738511590077,47.3261488409923,351,35.8895705521472,64.1104294478528,1231,54.2290748898678,45.7709251101322,3457,67.1392503398718,32.8607496601282
"18","BIAS_TYPE",6815,91.7104023684565,8.28959763154353,8725,100,0,8248,100,0,11906,100,0,9795,100,0,9460,100,0,9836,100,0,978,100,0,2270,100,0,5149,100,0
"19","CHECKED_DATE",6262,84.2686044946844,15.7313955053156,8725,100,0,7966,96.5809893307468,3.41901066925315,9113,76.54123971107,23.45876028893,9795,100,0,9460,100,0,9836,100,0,978,100,0,2270,100,0,5149,100,0
"20","CHECKER",6262,84.2686044946844,15.7313955053156,8725,100,0,7966,96.5809893307468,3.41901066925315,9113,76.54123971107,23.45876028893,9795,100,0,9460,100,0,9836,100,0,978,100,0,2270,100,0,5149,100,0
"21","CONDITION_TYPE",0,0,100,0,0,100,0,0,100,5,0.0419956324542248,99.9580043675458,0,0,100,0,0,100,0,0,100,0,0,100,0,0,100,0,0,100
"22","COUNTY_LANDED",0,0,100,0,0,100,0,0,100,0,0,100,0,0,100,0,0,100,0,0,100,0,0,100,0,0,100,0,0,100
"23","COUNTY_SAMPLED",0,0,100,0,0,100,0,0,100,0,0,100,0,0,100,0,0,100,0,0,100,0,0,100,0,0,100,0,0,100
"24","CREATED_BY_USER_ID",0,0,100,0,0,100,0,0,100,0,0,100,0,0,100,0,0,100,0,0,100,0,0,100,0,0,100,0,0,100
"25","CREATED_DATE",0,0,100,0,0,100,0,0,100,0,0,100,0,0,100,0,0,100,0,0,100,0,0,100,0,0,100,0,0,100
"26","CREW_SIZE",0,0,100,293,3.35816618911175,96.6418338108883,0,0,100,27,0.226776415252814,99.7732235847472,29,0.296069423175089,99.7039305768249,0,0,100,0,0,100,0,0,100,0,0,100,0,0,100
"27","DEALER",6894,92.7735163504239,7.2264836495761,8725,100,0,8088,98.0601357904947,1.93986420950534,11866,99.6640349403662,0.335965059633807,9795,100,0,9460,100,0,9836,100,0,978,100,0,2270,100,0,5149,100,0
"28","DEALER_CODE",6894,92.7735163504239,7.2264836495761,8725,100,0,8088,98.0601357904947,1.93986420950534,11866,99.6640349403662,0.335965059633807,9795,100,0,9460,100,0,9836,100,0,978,100,0,2270,100,0,5149,100,0
"29","DESTINATION_1",7431,100,0,8725,100,0,8248,100,0,11906,100,0,9795,100,0,9460,100,0,9836,100,0,978,100,0,2270,100,0,5149,100,0
"30","DESTINATION_2",7431,100,0,8725,100,0,8248,100,0,11906,100,0,9795,100,0,9460,100,0,9836,100,0,978,100,0,2270,100,0,5149,100,0
"31","DESTINATION_3",7431,100,0,8725,100,0,8248,100,0,11906,100,0,9795,100,0,9460,100,0,9836,100,0,978,100,0,2270,100,0,5149,100,0
"32","EFF_CREATED_DATE1",0,0,100,1,0.0114613180515759,99.9885386819484,0,0,100,150,1.25986897362674,98.7401310263733,103,1.05155691679428,98.9484430832057,8,0.0845665961945032,99.9154334038055,12,0.122000813338756,99.8779991866612,1,0.102249488752556,99.8977505112474,0,0,100,0,0,100
"33","EFF_CREATED_DATE2",7280,97.9679720091509,2.03202799084914,8269,94.7736389684814,5.22636103151862,7493,90.8462657613967,9.15373423860329,11289,94.8177389551487,5.18226104485133,8258,84.3083205717203,15.6916794282797,8326,88.0126849894292,11.9873150105708,9472,96.2993086620578,3.70069133794225,906,92.6380368098159,7.36196319018406,1915,84.3612334801762,15.6387665198238,4913,95.4165857448048,4.58341425519518
"34","EFF_CREATED_DATE3",7431,100,0,8725,100,0,8231,99.7938894277401,0.206110572259945,11906,100,0,9792,99.9693721286371,0.0306278713629382,9435,99.7357293868922,0.264270613107826,9816,99.7966653111021,0.203334688897925,978,100,0,2270,100,0,5020,97.4946591571179,2.50534084288211
"35","EFF_CREATED_DATE4",7431,100,0,8725,100,0,8248,100,0,11906,100,0,9795,100,0,9460,100,0,9836,100,0,978,100,0,2270,100,0,5149,100,0
"36","EFF_CREATED_DATE5",7431,100,0,8725,100,0,8248,100,0,11906,100,0,9795,100,0,9460,100,0,9836,100,0,978,100,0,2270,100,0,5149,100,0
"37","EFF_MODIFIED_DATE1",6812,91.6700309514197,8.32996904858028,6375,73.0659025787966,26.9340974212034,7638,92.6042677012609,7.39573229873909,7986,67.0754241558878,32.9245758441122,4416,45.0842266462481,54.9157733537519,8840,93.446088794926,6.55391120507399,9708,98.6986579910533,1.30134200894673,968,98.9775051124744,1.02249488752555,2157,95.0220264317181,4.97797356828194,4860,94.3872596620703,5.61274033792969
"38","EFF_MODIFIED_DATE2",7427,99.946171443951,0.053828556048984,8723,99.9770773638969,0.0229226361031465,8204,99.466537342386,0.533462657613967,11780,98.9417100621535,1.05828993784647,8561,87.4017355793772,12.5982644206228,9436,99.7463002114165,0.253699788583504,9836,100,0,978,100,0,2270,100,0,5149,100,0
"39","EFF_MODIFIED_DATE3",7431,100,0,8725,100,0,8248,100,0,11906,100,0,9792,99.9693721286371,0.0306278713629382,9460,100,0,9836,100,0,978,100,0,2270,100,0,5149,100,0
"40","EFF_MODIFIED_DATE4",7431,100,0,8725,100,0,8248,100,0,11906,100,0,9795,100,0,9460,100,0,9836,100,0,978,100,0,2270,100,0,5149,100,0
"41","EFF_MODIFIED_DATE5",7431,100,0,8725,100,0,8248,100,0,11906,100,0,9795,100,0,9460,100,0,9836,100,0,978,100,0,2270,100,0,5149,100,0
"42","EFFORT_INTERVIEW_ID",0,0,100,1,0.0114613180515759,99.9885386819484,0,0,100,150,1.25986897362674,98.7401310263733,103,1.05155691679428,98.9484430832057,8,0.0845665961945032,99.9154334038055,12,0.122000813338756,99.8779991866612,1,0.102249488752556,99.8977505112474,0,0,100,0,0,100
"43","EFFORT_UNIQUE",0,0,100,0,0,100,0,0,100,0,0,100,0,0,100,0,0,100,0,0,100,0,0,100,0,0,100,0,0,100
"44","END_HOUR_MIN",6102,82.1154622527251,17.8845377472749,8595,98.5100286532951,1.48997134670486,7966,96.5809893307468,3.41901066925315,7094,59.5834033260541,40.4165966739459,4055,41.3986727922409,58.6013272077591,4130,43.6575052854123,56.3424947145877,5181,52.6738511590077,47.3261488409923,351,35.8895705521472,64.1104294478528,1231,54.2290748898678,45.7709251101322,3457,67.1392503398718,32.8607496601282
"45","END_LENGTH",7431,100,0,8725,100,0,8248,100,0,11906,100,0,9795,100,0,9460,100,0,9836,100,0,978,100,0,2270,100,0,5149,100,0
"46","EXACT_LENGTH",0,0,100,0,0,100,0,0,100,0,0,100,0,0,100,0,0,100,0,0,100,0,0,100,0,0,100,0,0,100
"47","FISHING_MODE",0,0,100,0,0,100,0,0,100,0,0,100,0,0,100,0,0,100,0,0,100,0,0,100,0,0,100,0,0,100
"48","FULL_CATCH",0,0,100,0,0,100,0,0,100,0,0,100,0,0,100,0,0,100,0,0,100,0,0,100,0,0,100,0,0,100
"49","GEAR_1",0,0,100,1,0.0114613180515759,99.9885386819484,0,0,100,150,1.25986897362674,98.7401310263733,103,1.05155691679428,98.9484430832057,8,0.0845665961945032,99.9154334038055,12,0.122000813338756,99.8779991866612,1,0.102249488752556,99.8977505112474,0,0,100,0,0,100
"50","GEAR_2",7280,97.9679720091509,2.03202799084914,8269,94.7736389684814,5.22636103151862,7493,90.8462657613967,9.15373423860329,11289,94.8177389551487,5.18226104485133,8258,84.3083205717203,15.6916794282797,8326,88.0126849894292,11.9873150105708,9472,96.2993086620578,3.70069133794225,906,92.6380368098159,7.36196319018406,1915,84.3612334801762,15.6387665198238,4913,95.4165857448048,4.58341425519518
"51","GEAR_3",7431,100,0,8725,100,0,8231,99.7938894277401,0.206110572259945,11906,100,0,9792,99.9693721286371,0.0306278713629382,9435,99.7357293868922,0.264270613107826,9816,99.7966653111021,0.203334688897925,978,100,0,2270,100,0,5020,97.4946591571179,2.50534084288211
"52","GEAR_4",7431,100,0,8725,100,0,8248,100,0,11906,100,0,9795,100,0,9460,100,0,9836,100,0,978,100,0,2270,100,0,5149,100,0
"53","GEAR_5",7431,100,0,8725,100,0,8248,100,0,11906,100,0,9795,100,0,9460,100,0,9836,100,0,978,100,0,2270,100,0,5149,100,0
"54","GEAR_FREQUENCY1",2069,27.842820616337,72.157179383663,2412,27.6446991404011,72.3553008595989,2466,29.898157129001,70.101842870999,5633,47.3122795229296,52.6877204770704,4478,45.7172026544155,54.2827973455845,4932,52.1353065539112,47.8646934460888,5632,57.259048393656,42.740951606344,632,64.6216768916155,35.3783231083845,1240,54.625550660793,45.374449339207,2253,43.7560691396388,56.2439308603612
"55","GEAR_FREQUENCY2",7353,98.9503431570448,1.04965684295519,8315,95.3008595988539,4.69914040114612,7697,93.319592628516,6.68040737148399,11583,97.2870821434571,2.71291785654292,8872,90.5768249106687,9.42317508933129,9039,95.5496828752643,4.45031712473572,9662,98.230988206588,1.76901179341196,961,98.2617586912066,1.73824130879345,1925,84.8017621145375,15.1982378854625,4927,95.6884832006215,4.31151679937852
"56","GEAR_FREQUENCY3",7431,100,0,8725,100,0,8248,100,0,11906,100,0,9795,100,0,9460,100,0,9836,100,0,978,100,0,2270,100,0,5020,97.4946591571179,2.50534084288211
"57","GEAR_FREQUENCY4",7431,100,0,8725,100,0,8248,100,0,11906,100,0,9795,100,0,9460,100,0,9836,100,0,978,100,0,2270,100,0,5149,100,0
"58","GEAR_FREQUENCY5",7431,100,0,8725,100,0,8248,100,0,11906,100,0,9795,100,0,9460,100,0,9836,100,0,978,100,0,2270,100,0,5149,100,0
"59","GEAR_QTY_1",202,2.71834208047369,97.2816579195263,619,7.0945558739255,92.9054441260745,320,3.87972841901067,96.1202715809893,198,1.6630270451873,98.3369729548127,117,1.19448698315467,98.8055130168453,37,0.391120507399577,99.6088794926004,71,0.721838145587637,99.2781618544124,1,0.102249488752556,99.8977505112474,22,0.969162995594714,99.0308370044053,20,0.388424936880948,99.611575063119
"60","GEAR_QTY_2",7281,97.9814291481631,2.0185708518369,8283,94.9340974212034,5.06590257879657,7508,91.0281280310378,8.97187196896218,11289,94.8177389551487,5.18226104485133,8288,84.6145992853497,15.3854007146503,8326,88.0126849894292,11.9873150105708,9472,96.2993086620578,3.70069133794225,906,92.6380368098159,7.36196319018406,1915,84.3612334801762,15.6387665198238,4913,95.4165857448048,4.58341425519518
"61","GEAR_QTY_3",7431,100,0,8725,100,0,8231,99.7938894277401,0.206110572259945,11906,100,0,9792,99.9693721286371,0.0306278713629382,9435,99.7357293868922,0.264270613107826,9816,99.7966653111021,0.203334688897925,978,100,0,2270,100,0,5020,97.4946591571179,2.50534084288211
"62","GEAR_QTY_4",7431,100,0,8725,100,0,8248,100,0,11906,100,0,9795,100,0,9460,100,0,9836,100,0,978,100,0,2270,100,0,5149,100,0
"63","GEAR_QTY_5",7431,100,0,8725,100,0,8248,100,0,11906,100,0,9795,100,0,9460,100,0,9836,100,0,978,100,0,2270,100,0,5149,100,0
"64","GEARNAME_1",0,0,100,1,0.0114613180515759,99.9885386819484,0,0,100,150,1.25986897362674,98.7401310263733,103,1.05155691679428,98.9484430832057,8,0.0845665961945032,99.9154334038055,12,0.122000813338756,99.8779991866612,1,0.102249488752556,99.8977505112474,0,0,100,0,0,100
"65","GEARNAME_2",0,0,100,1,0.0114613180515759,99.9885386819484,0,0,100,150,1.25986897362674,98.7401310263733,103,1.05155691679428,98.9484430832057,8,0.0845665961945032,99.9154334038055,12,0.122000813338756,99.8779991866612,1,0.102249488752556,99.8977505112474,0,0,100,0,0,100
"66","GEARNAME_3",0,0,100,1,0.0114613180515759,99.9885386819484,0,0,100,150,1.25986897362674,98.7401310263733,103,1.05155691679428,98.9484430832057,8,0.0845665961945032,99.9154334038055,12,0.122000813338756,99.8779991866612,1,0.102249488752556,99.8977505112474,0,0,100,0,0,100
"67","GEARNAME_4",0,0,100,1,0.0114613180515759,99.9885386819484,0,0,100,150,1.25986897362674,98.7401310263733,103,1.05155691679428,98.9484430832057,8,0.0845665961945032,99.9154334038055,12,0.122000813338756,99.8779991866612,1,0.102249488752556,99.8977505112474,0,0,100,0,0,100
"68","GEARNAME_5",0,0,100,1,0.0114613180515759,99.9885386819484,0,0,100,150,1.25986897362674,98.7401310263733,103,1.05155691679428,98.9484430832057,8,0.0845665961945032,99.9154334038055,12,0.122000813338756,99.8779991866612,1,0.102249488752556,99.8977505112474,0,0,100,0,0,100
"69","HAS_EFFORT",0,0,100,0,0,100,0,0,100,0,0,100,0,0,100,0,0,100,0,0,100,0,0,100,0,0,100,0,0,100
"70","ID",0,0,100,0,0,100,0,0,100,0,0,100,0,0,100,0,0,100,0,0,100,0,0,100,0,0,100,0,0,100
"71","INFORMATION_SOURCE",0,0,100,0,0,100,0,0,100,0,0,100,0,0,100,0,0,100,0,0,100,0,0,100,0,0,100,0,0,100
"72","INT_TYPE",0,0,100,0,0,100,0,0,100,0,0,100,0,0,100,55,0.581395348837209,99.4186046511628,0,0,100,0,0,100,0,0,100,0,0,100
"73","INTERVIEW_COMMENT",6045,81.348405329027,18.651594670973,8409,96.378223495702,3.621776504298,7979,96.7386032977692,3.26139670223084,7683,64.5304888291618,35.4695111708382,4339,44.298111281266,55.701888718734,4774,50.4651162790698,49.5348837209302,5496,55.8763725091501,44.1236274908499,347,35.480572597137,64.519427402863,1935,85.2422907488987,14.7577092511013,4028,78.2287822878229,21.7712177121771
"74","INTERVIEW_DATE",0,0,100,0,0,100,0,0,100,0,0,100,0,0,100,0,0,100,0,0,100,0,0,100,0,0,100,0,0,100
"75","INTERVIEW_UNIQUE",0,0,100,0,0,100,0,0,100,0,0,100,0,0,100,0,0,100,0,0,100,0,0,100,0,0,100,0,0,100
"76","IS_CHECKED",0,0,100,0,0,100,0,0,100,0,0,100,0,0,100,0,0,100,0,0,100,0,0,100,0,0,100,0,0,100
"77","IS_DISABLED",0,0,100,0,0,100,0,0,100,0,0,100,0,0,100,0,0,100,0,0,100,0,0,100,0,0,100,0,0,100
"78","IS_HISTORICAL",0,0,100,0,0,100,0,0,100,0,0,100,0,0,100,0,0,100,0,0,100,0,0,100,0,0,100,0,0,100
"79","LAND_AGENCY_SPC_NAME",0,0,100,0,0,100,0,0,100,0,0,100,0,0,100,0,0,100,0,0,100,0,0,100,0,0,100,0,0,100
"80","LAND_AREA",0,0,100,10,0.114613180515759,99.8853868194842,39,0.472841901066925,99.5271580989331,65,0.545943221904922,99.4540567780951,143,1.45992853496682,98.5400714650332,409,4.32346723044397,95.676532769556,60,0.610004066693778,99.3899959333062,0,0,100,0,0,100,97,1.8838609438726,98.1161390561274
"81","LAND_AREA_NAME",0,0,100,10,0.114613180515759,99.8853868194842,39,0.472841901066925,99.5271580989331,65,0.545943221904922,99.4540567780951,143,1.45992853496682,98.5400714650332,409,4.32346723044397,95.676532769556,60,0.610004066693778,99.3899959333062,0,0,100,0,0,100,97,1.8838609438726,98.1161390561274
"82","LAND_CONDITION",0,0,100,0,0,100,0,0,100,0,0,100,0,0,100,0,0,100,0,0,100,0,0,100,0,0,100,0,0,100
"83","LAND_CREATED_BY",0,0,100,0,0,100,0,0,100,0,0,100,0,0,100,0,0,100,0,0,100,0,0,100,0,0,100,0,0,100
"84","LAND_CREATED_DATE",0,0,100,0,0,100,0,0,100,0,0,100,0,0,100,0,0,100,0,0,100,0,0,100,0,0,100,0,0,100
"85","LAND_GEAR_CODE",0,0,100,0,0,100,0,0,100,0,0,100,0,0,100,0,0,100,0,0,100,0,0,100,0,0,100,0,0,100
"86","LAND_GEAR_NAME",0,0,100,0,0,100,0,0,100,56,0.470351083487317,99.5296489165127,0,0,100,0,0,100,0,0,100,0,0,100,0,0,100,0,0,100
"87","LAND_GRADE",0,0,100,0,0,100,0,0,100,0,0,100,0,0,100,0,0,100,0,0,100,0,0,100,0,0,100,0,0,100
"88","LAND_ID",0,0,100,0,0,100,0,0,100,0,0,100,0,0,100,0,0,100,0,0,100,0,0,100,0,0,100,0,0,100
"89","LAND_INTERVIEW_ID",0,0,100,0,0,100,0,0,100,0,0,100,0,0,100,0,0,100,0,0,100,0,0,100,0,0,100,0,0,100
"90","LAND_MARKET_CNT_MAX",7431,100,0,8725,100,0,8248,100,0,11906,100,0,9795,100,0,9460,100,0,9836,100,0,978,100,0,2270,100,0,5149,100,0
"91","LAND_MARKET_CNT_MIN",7431,100,0,8725,100,0,8248,100,0,11906,100,0,9795,100,0,9460,100,0,9836,100,0,978,100,0,2270,100,0,5149,100,0
"92","LAND_MODIFIED_BY",6487,87.2964607724398,12.7035392275602,5997,68.7335243553009,31.2664756446991,7309,88.6154219204656,11.3845780795344,7418,62.3047203090879,37.6952796909121,3957,40.3981623277182,59.6018376722818,8628,91.2050739957717,8.79492600422833,9140,92.9239528263522,7.07604717364782,976,99.7955010224949,0.204498977505111,2140,94.273127753304,5.72687224669603,4932,95.7855894348417,4.21441056515829
"93","LAND_MODIFIED_DATE",6487,87.2964607724398,12.7035392275602,5997,68.7335243553009,31.2664756446991,7309,88.6154219204656,11.3845780795344,7418,62.3047203090879,37.6952796909121,3957,40.3981623277182,59.6018376722818,8628,91.2050739957717,8.79492600422833,9140,92.9239528263522,7.07604717364782,976,99.7955010224949,0.204498977505111,2140,94.273127753304,5.72687224669603,4932,95.7855894348417,4.21441056515829
"94","LAND_REGION",0,0,100,10,0.114613180515759,99.8853868194842,39,0.472841901066925,99.5271580989331,65,0.545943221904922,99.4540567780951,163,1.66411434405309,98.3358856559469,389,4.11205073995772,95.8879492600423,60,0.610004066693778,99.3899959333062,0,0,100,0,0,100,36,0.699164886385706,99.3008351136143
"95","LAND_REPLICATE",0,0,100,2211,25.3409742120344,74.6590257879656,2723,33.0140640155189,66.9859359844811,6095,51.1926759617,48.8073240383,9734,99.3772332822869,0.62276671771312,9460,100,0,9836,100,0,978,100,0,2270,100,0,5149,100,0
"96","LAND_SAMPLE_COUNT",3958,53.2633562104697,46.7366437895303,4480,51.3467048710602,48.6532951289398,4223,51.2002909796314,48.7997090203686,4119,34.5960020157904,65.4039979842096,2249,22.9606942317509,77.0393057682491,2197,23.2241014799154,76.7758985200846,1975,20.0793005286702,79.9206994713298,299,30.5725971370143,69.4274028629857,533,23.4801762114537,76.5198237885463,1269,24.6455622450961,75.3544377549039
"97","LAND_SCIENTIFIC_NAME",0,0,100,0,0,100,0,0,100,0,0,100,0,0,100,1,0.0105708245243129,99.9894291754757,0,0,100,0,0,100,0,0,100,0,0,100
"98","LAND_SPECIES_CODE",0,0,100,0,0,100,0,0,100,0,0,100,0,0,100,0,0,100,0,0,100,0,0,100,0,0,100,0,0,100
"99","LAND_SPECIES_SIZE",0,0,100,0,0,100,0,0,100,0,0,100,0,0,100,0,0,100,0,0,100,0,0,100,0,0,100,0,0,100
"100","LAND_STANDARD_AREA_ID",0,0,100,10,0.114613180515759,99.8853868194842,39,0.472841901066925,99.5271580989331,65,0.545943221904922,99.4540567780951,163,1.66411434405309,98.3358856559469,409,4.32346723044397,95.676532769556,60,0.610004066693778,99.3899959333062,0,0,100,0,0,100,97,1.8838609438726,98.1161390561274
"101","LAND_STANDARD_AREA_NAME",0,0,100,10,0.114613180515759,99.8853868194842,39,0.472841901066925,99.5271580989331,65,0.545943221904922,99.4540567780951,163,1.66411434405309,98.3358856559469,409,4.32346723044397,95.676532769556,60,0.610004066693778,99.3899959333062,0,0,100,0,0,100,97,1.8838609438726,98.1161390561274
"102","LAND_STANDARD_GEAR",0,0,100,0,0,100,0,0,100,0,0,100,0,0,100,0,0,100,0,0,100,0,0,100,0,0,100,0,0,100
"103","LAND_STANDARD_GEAR_NAME",0,0,100,0,0,100,0,0,100,0,0,100,0,0,100,0,0,100,0,0,100,0,0,100,0,0,100,0,0,100
"104","LAND_STANDARD_SPC_NAME",0,0,100,0,0,100,0,0,100,0,0,100,0,0,100,1,0.0105708245243129,99.9894291754757,0,0,100,0,0,100,0,0,100,0,0,100
"105","LAND_STANDARD_SPECIES_CODE",0,0,100,0,0,100,0,0,100,0,0,100,0,0,100,1,0.0105708245243129,99.9894291754757,0,0,100,0,0,100,0,0,100,0,0,100
"106","LAND_WEIGHT",1610,21.6659938097161,78.3340061902839,684,7.83954154727794,92.1604584527221,143,1.73375363724539,98.2662463627546,275,2.30975978498236,97.6902402150176,168,1.71516079632466,98.2848392036753,269,2.84355179704017,97.1564482029598,18,0.183001220008133,99.8169987799919,0,0,100,55,2.42290748898678,97.5770925110132,34,0.660322392697611,99.3396776073024
"107","LAND_WEIGHT_KG",1610,21.6659938097161,78.3340061902839,684,7.83954154727794,92.1604584527221,143,1.73375363724539,98.2662463627546,275,2.30975978498236,97.6902402150176,168,1.71516079632466,98.2848392036753,269,2.84355179704017,97.1564482029598,18,0.183001220008133,99.8169987799919,0,0,100,55,2.42290748898678,97.5770925110132,34,0.660322392697611,99.3396776073024
"108","LAND_WEIGHT_UNIT",0,0,100,0,0,100,0,0,100,0,0,100,0,0,100,0,0,100,0,0,100,0,0,100,0,0,100,0,0,100
"109","LAND_WEIGHT_UNIT_CODE",0,0,100,0,0,100,0,0,100,0,0,100,0,0,100,0,0,100,0,0,100,0,0,100,0,0,100,0,0,100
"110","LANDING_AREA_COUNTY_CODE",0,0,100,15,0.171919770773639,99.8280802292264,0,0,100,109,0.9155047875021,99.0844952124979,0,0,100,0,0,100,0,0,100,0,0,100,242,10.6607929515419,89.3392070484581,0,0,100
"111","LANDING_AREA_PLACE_CODE",131,1.76288521060423,98.2371147893958,130,1.48997134670487,98.5100286532951,49,0.594083414161009,99.405916585839,113,0.94910129346548,99.0508987065345,82,0.837161817253701,99.1628381827463,286,3.02325581395349,96.9767441860465,23,0.233834892232615,99.7661651077674,5,0.511247443762781,99.4887525562372,243,10.704845814978,89.295154185022,12,0.233054962128569,99.7669450378714
"112","LANDING_AREA_STATE_CODE",0,0,100,0,0,100,0,0,100,0,0,100,0,0,100,0,0,100,0,0,100,0,0,100,0,0,100,0,0,100
"113","LANDING_COMMENT",7422,99.8788857488898,0.121114251110214,8718,99.919770773639,0.0802292263610269,8245,99.9636275460718,0.0363724539282231,11205,94.1122123299177,5.88778767008232,9611,98.1214905564063,1.87850944359367,9428,99.661733615222,0.338266384778009,9836,100,0,978,100,0,2243,98.8105726872247,1.18942731277532,5149,100,0
"114","LANDING_DATE",254,3.41811330911048,96.5818866908895,592,6.78510028653295,93.214899713467,1374,16.6585838991271,83.3414161008729,1647,13.8333613304216,86.1666386695784,30,0.306278713629403,99.6937212863706,0,0,100,0,0,100,0,0,100,0,0,100,0,0,100
"115","LANDING_TYPE",0,0,100,0,0,100,0,0,100,0,0,100,0,0,100,0,0,100,0,0,100,0,0,100,0,0,100,0,0,100
"116","LANDING_UNIQUE",0,0,100,0,0,100,0,0,100,0,0,100,0,0,100,0,0,100,0,0,100,0,0,100,0,0,100,0,0,100
"117","LENGTH_INCREMENT",7430,99.9865428609878,0.013457139012246,8724,99.9885386819484,0.0114613180515732,8248,100,0,11906,100,0,9795,100,0,9460,100,0,9836,100,0,978,100,0,2270,100,0,5149,100,0
"118","LENGTH_TYPE_CODE1",0,0,100,0,0,100,0,0,100,0,0,100,0,0,100,0,0,100,0,0,100,0,0,100,0,0,100,0,0,100
"119","LENGTH_TYPE_CODE2",0,0,100,0,0,100,0,0,100,0,0,100,0,0,100,0,0,100,0,0,100,0,0,100,0,0,100,0,0,100
"120","LENGTH_TYPE_CODE3",0,0,100,0,0,100,0,0,100,0,0,100,0,0,100,0,0,100,0,0,100,0,0,100,0,0,100,0,0,100
"121","LENGTH_TYPE1",0,0,100,0,0,100,0,0,100,0,0,100,0,0,100,0,0,100,0,0,100,0,0,100,0,0,100,0,0,100
"122","LENGTH_TYPE2",0,0,100,0,0,100,0,0,100,0,0,100,0,0,100,0,0,100,0,0,100,0,0,100,0,0,100,0,0,100
"123","LENGTH_TYPE3",0,0,100,0,0,100,0,0,100,0,0,100,0,0,100,0,0,100,0,0,100,0,0,100,0,0,100,0,0,100
"124","LENGTH_UNIT_CODE1",0,0,100,0,0,100,0,0,100,0,0,100,0,0,100,0,0,100,0,0,100,0,0,100,0,0,100,0,0,100
"125","LENGTH_UNIT_CODE2",0,0,100,0,0,100,0,0,100,0,0,100,0,0,100,0,0,100,0,0,100,0,0,100,0,0,100,0,0,100
"126","LENGTH_UNIT_CODE3",0,0,100,0,0,100,0,0,100,0,0,100,0,0,100,0,0,100,0,0,100,0,0,100,0,0,100,0,0,100
"127","LENGTH_UNIT1",0,0,100,0,0,100,0,0,100,0,0,100,0,0,100,0,0,100,0,0,100,0,0,100,0,0,100,0,0,100
"128","LENGTH_UNIT2",0,0,100,0,0,100,0,0,100,0,0,100,0,0,100,0,0,100,0,0,100,0,0,100,0,0,100,0,0,100
"129","LENGTH_UNIT3",0,0,100,0,0,100,0,0,100,0,0,100,0,0,100,0,0,100,0,0,100,0,0,100,0,0,100,0,0,100
"130","LENGTH1",0,0,100,0,0,100,0,0,100,0,0,100,3,0.0306278713629403,99.9693721286371,1,0.0105708245243129,99.9894291754757,23,0.233834892232615,99.7661651077674,0,0,100,16,0.704845814977974,99.295154185022,0,0,100
"131","LENGTH1_MM",0,0,100,0,0,100,0,0,100,0,0,100,3,0.0306278713629403,99.9693721286371,1,0.0105708245243129,99.9894291754757,23,0.233834892232615,99.7661651077674,0,0,100,16,0.704845814977974,99.295154185022,0,0,100
"132","LENGTH2",7431,100,0,8725,100,0,8248,100,0,11900,99.9496052410549,0.0503947589450746,9795,100,0,9460,100,0,9836,100,0,978,100,0,2270,100,0,5149,100,0
"133","LENGTH2_MM",7431,100,0,8725,100,0,8248,100,0,11900,99.9496052410549,0.0503947589450746,9795,100,0,9460,100,0,9836,100,0,978,100,0,2270,100,0,5149,100,0
"134","LENGTH3",7431,100,0,8725,100,0,8248,100,0,11906,100,0,9795,100,0,9460,100,0,9836,100,0,978,100,0,2270,100,0,5149,100,0
"135","LENGTH3_MM",7431,100,0,8725,100,0,8248,100,0,11906,100,0,9795,100,0,9460,100,0,9836,100,0,978,100,0,2270,100,0,5149,100,0
"136","LIC_AGENCY",0,0,100,0,0,100,0,0,100,0,0,100,0,0,100,0,0,100,0,0,100,0,0,100,0,0,100,0,0,100
"137","LICENSE",0,0,100,0,0,100,0,0,100,832,6.988073240383,93.011926759617,1122,11.4548238897397,88.5451761102603,565,5.97251585623679,94.0274841437632,244,2.4806832045547,97.5193167954453,0,0,100,202,8.89867841409692,91.1013215859031,59,1.1458535637988,98.8541464362012
"138","LINE",0,0,100,0,0,100,0,0,100,0,0,100,0,0,100,0,0,100,0,0,100,0,0,100,0,0,100,0,0,100
"139","LINE_LENGTH_1",7431,100,0,8725,100,0,8248,100,0,11906,100,0,9795,100,0,9460,100,0,9836,100,0,978,100,0,2270,100,0,5149,100,0
"140","LINE_LENGTH_2",7431,100,0,8725,100,0,8248,100,0,11906,100,0,9795,100,0,9460,100,0,9836,100,0,978,100,0,2270,100,0,5149,100,0
"141","LINE_LENGTH_3",7431,100,0,8725,100,0,8248,100,0,11906,100,0,9795,100,0,9460,100,0,9836,100,0,978,100,0,2270,100,0,5149,100,0
"142","LINE_LENGTH_4",7431,100,0,8725,100,0,8248,100,0,11906,100,0,9795,100,0,9460,100,0,9836,100,0,978,100,0,2270,100,0,5149,100,0
"143","LINE_LENGTH_5",7431,100,0,8725,100,0,8248,100,0,11906,100,0,9795,100,0,9460,100,0,9836,100,0,978,100,0,2270,100,0,5149,100,0
"144","MATURITY_STAGE",0,0,100,0,0,100,0,0,100,0,0,100,0,0,100,0,0,100,0,0,100,0,0,100,0,0,100,0,0,100
"145","MAX_DEPTH1",349,4.69654151527385,95.3034584847261,765,8.76790830945559,91.2320916905444,322,3.90397672162949,96.0960232783705,357,2.99848815723165,97.0015118427684,1174,11.985706993364,88.014293006636,273,2.88583509513742,97.1141649048626,412,4.18869459129728,95.8113054087027,45,4.60122699386503,95.398773006135,72,3.17180616740088,96.8281938325991,142,2.75781705185473,97.2421829481453
"146","MAX_DEPTH2",7281,97.9814291481631,2.0185708518369,8283,94.9340974212034,5.06590257879657,7508,91.0281280310378,8.97187196896218,11289,94.8177389551487,5.18226104485133,8308,84.8187850944359,15.1812149055641,8329,88.0443974630021,11.9556025369979,9475,96.3298088653924,3.67019113460756,922,94.2740286298569,5.72597137014314,1933,85.1541850220264,14.8458149779736,4913,95.4165857448048,4.58341425519518
"147","MAX_DEPTH3",7431,100,0,8725,100,0,8231,99.7938894277401,0.206110572259945,11906,100,0,9795,100,0,9435,99.7357293868922,0.264270613107826,9816,99.7966653111021,0.203334688897925,978,100,0,2270,100,0,5020,97.4946591571179,2.50534084288211
"148","MAX_DEPTH4",7431,100,0,8725,100,0,8248,100,0,11906,100,0,9795,100,0,9460,100,0,9836,100,0,978,100,0,2270,100,0,5149,100,0
"149","MAX_DEPTH5",7431,100,0,8725,100,0,8248,100,0,11906,100,0,9795,100,0,9460,100,0,9836,100,0,978,100,0,2270,100,0,5149,100,0
"150","MIN_DEPTH1",349,4.69654151527385,95.3034584847261,753,8.63037249283668,91.3696275071633,316,3.83123181377304,96.168768186227,216,1.81421132202251,98.1857886779775,248,2.53190403266973,97.4680959673303,193,2.04016913319239,97.9598308668076,244,2.4806832045547,97.5193167954453,27,2.76073619631902,97.239263803681,0,0,100,22,0.427267430569042,99.572732569431
"151","MIN_DEPTH2",7281,97.9814291481631,2.0185708518369,8283,94.9340974212034,5.06590257879657,7508,91.0281280310378,8.97187196896218,11289,94.8177389551487,5.18226104485133,8305,84.788157223073,15.211842776927,8329,88.0443974630021,11.9556025369979,9475,96.3298088653924,3.67019113460756,922,94.2740286298569,5.72597137014314,1915,84.3612334801762,15.6387665198238,4913,95.4165857448048,4.58341425519518
"152","MIN_DEPTH3",7431,100,0,8725,100,0,8231,99.7938894277401,0.206110572259945,11906,100,0,9792,99.9693721286371,0.0306278713629382,9435,99.7357293868922,0.264270613107826,9816,99.7966653111021,0.203334688897925,978,100,0,2270,100,0,5020,97.4946591571179,2.50534084288211
"153","MIN_DEPTH4",7431,100,0,8725,100,0,8248,100,0,11906,100,0,9795,100,0,9460,100,0,9836,100,0,978,100,0,2270,100,0,5149,100,0
"154","MIN_DEPTH5",7431,100,0,8725,100,0,8248,100,0,11906,100,0,9795,100,0,9460,100,0,9836,100,0,978,100,0,2270,100,0,5149,100,0
"155","MODIFIED_BY_USER_ID",0,0,100,0,0,100,0,0,100,0,0,100,0,0,100,0,0,100,0,0,100,0,0,100,0,0,100,0,0,100
"156","MODIFIED_DATE",0,0,100,0,0,100,0,0,100,0,0,100,0,0,100,0,0,100,0,0,100,0,0,100,0,0,100,0,0,100
"157","NBR_VESSELS",0,0,100,0,0,100,0,0,100,0,0,100,0,0,100,16,0.169133192389006,99.830866807611,20,0.203334688897926,99.7966653111021,0,0,100,0,0,100,0,0,100
"158","NUMBER_OF_EFFORT_RECORDS",0,0,100,1,0.0114613180515759,99.9885386819484,0,0,100,150,1.25986897362674,98.7401310263733,103,1.05155691679428,98.9484430832057,8,0.0845665961945032,99.9154334038055,12,0.122000813338756,99.8779991866612,1,0.102249488752556,99.8977505112474,0,0,100,0,0,100
"159","NUMBER_OF_GEAR_1",6011,80.8908626026107,19.1091373973893,6865,78.6819484240688,21.3180515759312,6784,82.2502424830262,17.7497575169738,8043,67.5541743658659,32.4458256341341,6109,62.3685553854007,37.6314446145993,6324,66.8498942917548,33.1501057082452,7274,73.9528263521757,26.0471736478243,505,51.6359918200409,48.3640081799591,1799,79.2511013215859,20.7488986784141,4273,82.9869877646145,17.0130122353855
"160","NUMBER_OF_GEAR_2",7326,98.5870004037142,1.41299959628583,8341,95.5988538681949,4.40114613180515,7683,93.1498545101843,6.85014548981572,11503,96.6151520241895,3.38484797581052,9174,93.6600306278714,6.33996937212864,8819,93.2241014799154,6.77589852008457,9674,98.3529890199268,1.6470109800732,917,93.7627811860941,6.23721881390593,2127,93.7004405286344,6.29955947136564,5068,98.4268790056322,1.57312099436784
"161","NUMBER_OF_GEAR_3",7431,100,0,8725,100,0,8248,100,0,11906,100,0,9795,100,0,9435,99.7357293868922,0.264270613107826,9836,100,0,978,100,0,2270,100,0,5149,100,0
"162","NUMBER_OF_GEAR_4",7431,100,0,8725,100,0,8248,100,0,11906,100,0,9795,100,0,9460,100,0,9836,100,0,978,100,0,2270,100,0,5149,100,0
"163","NUMBER_OF_GEAR_5",7431,100,0,8725,100,0,8248,100,0,11906,100,0,9795,100,0,9460,100,0,9836,100,0,978,100,0,2270,100,0,5149,100,0
"164","OBS_AGENCY_SPC_NAME",0,0,100,0,0,100,0,0,100,0,0,100,0,0,100,0,0,100,0,0,100,0,0,100,0,0,100,0,0,100
"165","OBS_COMMENT",7431,100,0,8724,99.9885386819484,0.0114613180515732,8248,100,0,11904,99.9832017470183,0.0167982529816868,9795,100,0,9460,100,0,9836,100,0,978,100,0,2270,100,0,5149,100,0
"166","OBS_CREATED_BY_USER_ID",0,0,100,0,0,100,0,0,100,0,0,100,0,0,100,0,0,100,0,0,100,0,0,100,0,0,100,0,0,100
"167","OBS_CREATED_DATE",0,0,100,0,0,100,0,0,100,0,0,100,0,0,100,0,0,100,0,0,100,0,0,100,0,0,100,0,0,100
"168","OBS_GRADE",0,0,100,0,0,100,0,0,100,0,0,100,0,0,100,0,0,100,0,0,100,0,0,100,0,0,100,0,0,100
"169","OBS_GROUP",7343,98.8157717669224,1.18422823307765,6450,73.9255014326648,26.0744985673352,5525,66.9859359844811,33.0140640155189,5701,47.8834201243071,52.1165798756929,43,0.438999489535477,99.5610005104645,0,0,100,0,0,100,0,0,100,0,0,100,0,0,100
"170","OBS_ID",0,0,100,0,0,100,0,0,100,0,0,100,0,0,100,0,0,100,0,0,100,0,0,100,0,0,100,0,0,100
"171","OBS_INTERVIEW_ID",0,0,100,0,0,100,0,0,100,0,0,100,0,0,100,0,0,100,0,0,100,0,0,100,0,0,100,0,0,100
"172","OBS_MODIFIED_BY",6481,87.2157179383663,12.7842820616337,6406,73.4212034383954,26.5787965616046,5404,65.5189136760427,34.4810863239573,3433,28.8342012430707,71.1657987569293,43,0.438999489535477,99.5610005104645,0,0,100,0,0,100,0,0,100,0,0,100,0,0,100
"173","OBS_MODIFIED_DATE",6481,87.2157179383663,12.7842820616337,6406,73.4212034383954,26.5787965616046,5404,65.5189136760427,34.4810863239573,3433,28.8342012430707,71.1657987569293,43,0.438999489535477,99.5610005104645,0,0,100,0,0,100,0,0,100,0,0,100,0,0,100
"174","OBS_OLD_SAMPLE_ID",1,0.013457139012246,99.9865428609878,2211,25.3409742120344,74.6590257879656,2723,33.0140640155189,66.9859359844811,6097,51.2094742146817,48.7905257853183,9734,99.3772332822869,0.62276671771312,9460,100,0,9836,100,0,978,100,0,2270,100,0,5149,100,0
"175","OBS_REPLICATE",1,0.013457139012246,99.9865428609878,2211,25.3409742120344,74.6590257879656,2723,33.0140640155189,66.9859359844811,6097,51.2094742146817,48.7905257853183,9734,99.3772332822869,0.62276671771312,9460,100,0,9836,100,0,978,100,0,2270,100,0,5149,100,0
"176","OBS_SAMPLE_ID",0,0,100,0,0,100,0,0,100,0,0,100,0,0,100,0,0,100,0,0,100,0,0,100,0,0,100,0,0,100
"177","OBS_SCIENTIFIC_NAME",0,0,100,0,0,100,0,0,100,0,0,100,0,0,100,0,0,100,0,0,100,0,0,100,0,0,100,0,0,100
"178","OBS_SPECIES_CODE",0,0,100,0,0,100,0,0,100,0,0,100,0,0,100,0,0,100,0,0,100,0,0,100,0,0,100,0,0,100
"179","OBS_SPECIES_SIZE",0,0,100,0,0,100,0,0,100,0,0,100,0,0,100,0,0,100,0,0,100,0,0,100,0,0,100,0,0,100
"180","OBS_SPECIES_SIZE_CODE",0,0,100,0,0,100,0,0,100,0,0,100,0,0,100,0,0,100,0,0,100,0,0,100,0,0,100,0,0,100
"181","OBS_STANDARD_SPECIES_CODE",0,0,100,0,0,100,0,0,100,0,0,100,0,0,100,0,0,100,0,0,100,0,0,100,0,0,100,0,0,100
"182","OBS_STANDARD_SPECIES_NAME",0,0,100,0,0,100,0,0,100,0,0,100,0,0,100,0,0,100,0,0,100,0,0,100,0,0,100,0,0,100
"183","OBS_WEIGHT",5948,80.0430628448392,19.9569371551608,7085,81.2034383954155,18.7965616045845,6793,82.3593598448109,17.6406401551891,6370,53.5024357466823,46.4975642533177,3151,32.1694742215416,67.8305257784584,3995,42.23044397463,57.76955602537,4296,43.6762911752745,56.3237088247255,343,35.0715746421268,64.9284253578732,1209,53.2599118942731,46.7400881057269,3388,65.7991843076326,34.2008156923674
"184","OBS_WEIGHT_KG",5948,80.0430628448392,19.9569371551608,7085,81.2034383954155,18.7965616045845,6793,82.3593598448109,17.6406401551891,6370,53.5024357466823,46.4975642533177,3151,32.1694742215416,67.8305257784584,3995,42.23044397463,57.76955602537,4296,43.6762911752745,56.3237088247255,343,35.0715746421268,64.9284253578732,1209,53.2599118942731,46.7400881057269,3388,65.7991843076326,34.2008156923674
"185","OBS_WEIGHT_UNIT",0,0,100,0,0,100,0,0,100,0,0,100,0,0,100,0,0,100,0,0,100,0,0,100,0,0,100,0,0,100
"186","OBS_WEIGHT_UNIT_ID",0,0,100,0,0,100,0,0,100,0,0,100,0,0,100,0,0,100,0,0,100,0,0,100,0,0,100,0,0,100
"187","OBSERVATION_UNIQUE",0,0,100,0,0,100,0,0,100,0,0,100,0,0,100,0,0,100,0,0,100,0,0,100,0,0,100,0,0,100
"188","OBSERVER_ONBOARD",7288,98.0756291212488,1.92437087875118,8428,96.595988538682,3.40401146131805,7736,93.7924345295829,6.20756547041708,9718,81.6227112380312,18.3772887619688,3879,39.6018376722818,60.3981623277182,7917,83.6892177589852,16.3107822410148,9356,95.1199674664498,4.88003253355022,972,99.3865030674847,0.613496932515332,1921,84.625550660793,15.374449339207,4752,92.2897650029132,7.71023499708681
"189","OFFICIAL_VESSEL_NAME",6225,83.7706903512313,16.2293096487687,8658,99.2320916905444,0.767908309455592,8090,98.0843840931135,1.91561590688652,8597,72.2072904417941,27.7927095582059,7317,74.7013782542113,25.2986217457887,7026,74.2706131078224,25.7293868921776,8848,89.9552663684425,10.0447336315575,647,66.1554192229039,33.8445807770961,2033,89.5594713656388,10.4405286343612,4378,85.0262186832395,14.9737813167605
"190","OLD_SEQUENCE_NUMBER",7431,100,0,8725,100,0,8248,100,0,11906,100,0,9795,100,0,9460,100,0,9836,100,0,978,100,0,2270,100,0,5149,100,0
"191","ORIGINAL_AGENT_USERNAME_ID",0,0,100,0,0,100,0,0,100,0,0,100,0,0,100,0,0,100,0,0,100,0,0,100,0,0,100,0,0,100
"192","PLACE_LANDED",62,0.834342618759252,99.1656573812407,115,1.31805157593123,98.6819484240688,24,0.2909796314258,99.7090203685742,0,0,100,28,0.285860132720776,99.7141398672792,10,0.105708245243129,99.8942917547569,3,0.0305002033346889,99.9694997966653,5,0.511247443762781,99.4887525562372,1,0.0440528634361234,99.9559471365639,12,0.233054962128569,99.7669450378714
"193","PLACE_SAMPLED",0,0,100,0,0,100,0,0,100,0,0,100,0,0,100,0,0,100,0,0,100,0,0,100,0,0,100,0,0,100
"194","PURCHASING_DEALER_CODE1",6894,92.7735163504239,7.2264836495761,8725,100,0,8088,98.0601357904947,1.93986420950534,11866,99.6640349403662,0.335965059633807,9795,100,0,9460,100,0,9836,100,0,978,100,0,2270,100,0,5149,100,0
"195","PURCHASING_DEALER_CODE2",7431,100,0,8725,100,0,8248,100,0,11906,100,0,9795,100,0,9460,100,0,9836,100,0,978,100,0,2270,100,0,5149,100,0
"196","PURCHASING_DEALER_COUNTY_CODE1",6894,92.7735163504239,7.2264836495761,8725,100,0,8088,98.0601357904947,1.93986420950534,11866,99.6640349403662,0.335965059633807,9795,100,0,9460,100,0,9836,100,0,978,100,0,2270,100,0,5149,100,0
"197","PURCHASING_DEALER_COUNTY_CODE2",7431,100,0,8725,100,0,8248,100,0,11906,100,0,9795,100,0,9460,100,0,9836,100,0,978,100,0,2270,100,0,5149,100,0
"198","PURCHASING_DEALER_COUNTY_NAME1",6894,92.7735163504239,7.2264836495761,8725,100,0,8088,98.0601357904947,1.93986420950534,11866,99.6640349403662,0.335965059633807,9795,100,0,9460,100,0,9836,100,0,978,100,0,2270,100,0,5149,100,0
"199","PURCHASING_DEALER_COUNTY_NAME2",7431,100,0,8725,100,0,8248,100,0,11906,100,0,9795,100,0,9460,100,0,9836,100,0,978,100,0,2270,100,0,5149,100,0
"200","PURCHASING_DEALER_NAME1",6894,92.7735163504239,7.2264836495761,8725,100,0,8088,98.0601357904947,1.93986420950534,11866,99.6640349403662,0.335965059633807,9795,100,0,9460,100,0,9836,100,0,978,100,0,2270,100,0,5149,100,0
"201","PURCHASING_DEALER_NAME2",7431,100,0,8725,100,0,8248,100,0,11906,100,0,9795,100,0,9460,100,0,9836,100,0,978,100,0,2270,100,0,5149,100,0
"202","PURCHASING_DEALER_STATE_CODE1",6894,92.7735163504239,7.2264836495761,8725,100,0,8088,98.0601357904947,1.93986420950534,11866,99.6640349403662,0.335965059633807,9795,100,0,9460,100,0,9836,100,0,978,100,0,2270,100,0,5149,100,0
"203","PURCHASING_DEALER_STATE_CODE2",7431,100,0,8725,100,0,8248,100,0,11906,100,0,9795,100,0,9460,100,0,9836,100,0,978,100,0,2270,100,0,5149,100,0
"204","QUANTITY",0,0,100,0,0,100,0,0,100,0,0,100,0,0,100,0,0,100,0,0,100,0,0,100,0,0,100,0,0,100
"205","REC",0,0,100,0,0,100,0,0,100,0,0,100,0,0,100,0,0,100,0,0,100,0,0,100,0,0,100,0,0,100
"206","REGIONNAME_1",0,0,100,1,0.0114613180515759,99.9885386819484,0,0,100,208,1.74701831009575,98.2529816899042,103,1.05155691679428,98.9484430832057,8,0.0845665961945032,99.9154334038055,12,0.122000813338756,99.8779991866612,1,0.102249488752556,99.8977505112474,0,0,100,0,0,100
"207","REGIONNAME_2",7280,97.9679720091509,2.03202799084914,8269,94.7736389684814,5.22636103151862,7493,90.8462657613967,9.15373423860329,11299,94.9017302200571,5.09826977994288,8258,84.3083205717203,15.6916794282797,8326,88.0126849894292,11.9873150105708,9472,96.2993086620578,3.70069133794225,906,92.6380368098159,7.36196319018406,1915,84.3612334801762,15.6387665198238,4913,95.4165857448048,4.58341425519518
"208","REGIONNAME_3",7431,100,0,8725,100,0,8231,99.7938894277401,0.206110572259945,11906,100,0,9792,99.9693721286371,0.0306278713629382,9435,99.7357293868922,0.264270613107826,9816,99.7966653111021,0.203334688897925,978,100,0,2270,100,0,5020,97.4946591571179,2.50534084288211
"209","REGIONNAME_4",7431,100,0,8725,100,0,8248,100,0,11906,100,0,9795,100,0,9460,100,0,9836,100,0,978,100,0,2270,100,0,5149,100,0
"210","REGIONNAME_5",7431,100,0,8725,100,0,8248,100,0,11906,100,0,9795,100,0,9460,100,0,9836,100,0,978,100,0,2270,100,0,5149,100,0
"211","REPORTING_AREA_ZIP",7431,100,0,8725,100,0,8248,100,0,11906,100,0,9795,100,0,9460,100,0,9836,100,0,978,100,0,2270,100,0,5149,100,0
"212","S_SAMPLE_COUNT",0,0,100,143,1.63896848137536,98.3610315186246,708,8.58389912706111,91.4161008729389,84,0.705526625230976,99.294473374769,346,3.53241449719245,96.4675855028076,56,0.591966173361522,99.4080338266385,0,0,100,0,0,100,0,0,100,10,0.194212468440474,99.8057875315595
"213","SAMPLE_AGENCY_SPC_NAME",0,0,100,0,0,100,0,0,100,0,0,100,0,0,100,0,0,100,0,0,100,0,0,100,0,0,100,0,0,100
"214","SAMPLE_AREA_COUNTY_CODE",0,0,100,0,0,100,0,0,100,0,0,100,0,0,100,0,0,100,0,0,100,0,0,100,0,0,100,0,0,100
"215","SAMPLE_AREA_PLACE_CODE",0,0,100,0,0,100,0,0,100,0,0,100,0,0,100,0,0,100,0,0,100,0,0,100,0,0,100,0,0,100
"216","SAMPLE_AREA_STATE_CODE",0,0,100,0,0,100,0,0,100,0,0,100,0,0,100,0,0,100,0,0,100,0,0,100,0,0,100,0,0,100
"217","SAMPLE_AREA_ZIP",7431,100,0,8725,100,0,8248,100,0,11906,100,0,9795,100,0,9460,100,0,9836,100,0,978,100,0,2270,100,0,5149,100,0
"218","SAMPLE_COMMENT",7428,99.9596285829633,0.040371417036738,8691,99.6103151862464,0.389684813753576,8246,99.9757516973812,0.0242483026188154,10571,88.787166134722,11.212833865278,9403,95.9979581419091,4.00204185809086,9443,99.8202959830867,0.17970401691332,9836,100,0,978,100,0,2250,99.1189427312775,0.881057268722458,5149,100,0
"219","SAMPLE_CONDITION",0,0,100,0,0,100,0,0,100,0,0,100,0,0,100,0,0,100,0,0,100,0,0,100,0,0,100,0,0,100
"220","SAMPLE_CREATED_BY",0,0,100,0,0,100,0,0,100,0,0,100,0,0,100,0,0,100,0,0,100,0,0,100,0,0,100,0,0,100
"221","SAMPLE_CREATED_DATE",0,0,100,0,0,100,0,0,100,0,0,100,0,0,100,0,0,100,0,0,100,0,0,100,0,0,100,0,0,100
"222","SAMPLE_GRADE",0,0,100,0,0,100,0,0,100,0,0,100,0,0,100,0,0,100,0,0,100,0,0,100,0,0,100,0,0,100
"223","SAMPLE_ID",0,0,100,0,0,100,0,0,100,0,0,100,0,0,100,0,0,100,0,0,100,0,0,100,0,0,100,0,0,100
"224","SAMPLE_INTERVIEW_ID",0,0,100,0,0,100,0,0,100,0,0,100,0,0,100,0,0,100,0,0,100,0,0,100,0,0,100,0,0,100
"225","SAMPLE_LAND_ID",0,0,100,0,0,100,0,0,100,0,0,100,0,0,100,0,0,100,0,0,100,0,0,100,0,0,100,0,0,100
"226","SAMPLE_METHOD",0,0,100,0,0,100,0,0,100,0,0,100,0,0,100,0,0,100,0,0,100,0,0,100,0,0,100,0,0,100
"227","SAMPLE_METHOD_TYPE",0,0,100,0,0,100,0,0,100,0,0,100,0,0,100,0,0,100,0,0,100,0,0,100,0,0,100,0,0,100
"228","SAMPLE_METHOD_TYPE_CODE",0,0,100,0,0,100,0,0,100,0,0,100,0,0,100,0,0,100,0,0,100,0,0,100,0,0,100,0,0,100
"229","SAMPLE_MODIFIED_BY",66,0.888171174808236,99.1118288251918,2035,23.323782234957,76.676217765043,2693,32.6503394762367,67.3496605237633,5775,48.5049554846296,51.4950445153704,9084,92.7411944869832,7.25880551301684,9134,96.553911205074,3.446088794926,9278,94.3269621797479,5.67303782025213,970,99.1820040899795,0.817995910020457,2049,90.2643171806167,9.73568281938326,4872,94.6203146241989,5.37968537580113
"230","SAMPLE_MODIFIED_DATE",66,0.888171174808236,99.1118288251918,2035,23.323782234957,76.676217765043,2693,32.6503394762367,67.3496605237633,5775,48.5049554846296,51.4950445153704,9084,92.7411944869832,7.25880551301684,9134,96.553911205074,3.446088794926,9278,94.3269621797479,5.67303782025213,970,99.1820040899795,0.817995910020457,2049,90.2643171806167,9.73568281938326,4872,94.6203146241989,5.37968537580113
"231","SAMPLE_RANDOM",0,0,100,0,0,100,0,0,100,0,0,100,0,0,100,0,0,100,0,0,100,0,0,100,0,0,100,0,0,100
"232","SAMPLE_REPLICATE",0,0,100,2211,25.3409742120344,74.6590257879656,2723,33.0140640155189,66.9859359844811,6095,51.1926759617,48.8073240383,9734,99.3772332822869,0.62276671771312,9460,100,0,9836,100,0,978,100,0,2270,100,0,5149,100,0
"233","SAMPLE_SAMPLE_NUMBER_OLD",0,0,100,2211,25.3409742120344,74.6590257879656,2723,33.0140640155189,66.9859359844811,6095,51.1926759617,48.8073240383,9734,99.3772332822869,0.62276671771312,9460,100,0,9836,100,0,978,100,0,2270,100,0,5149,100,0
"234","SAMPLE_SCIENTIFIC_NAME",0,0,100,32,0.36676217765043,99.6332378223496,0,0,100,700,5.87938854359147,94.1206114564085,129,1.31699846860643,98.6830015313936,28,0.295983086680761,99.7040169133192,0,0,100,0,0,100,18,0.79295154185022,99.2070484581498,0,0,100
"235","SAMPLE_SIZE_CODE",0,0,100,0,0,100,0,0,100,0,0,100,0,0,100,0,0,100,0,0,100,0,0,100,0,0,100,0,0,100
"236","SAMPLE_SPECIES_CODE",0,0,100,0,0,100,0,0,100,0,0,100,0,0,100,0,0,100,0,0,100,0,0,100,0,0,100,0,0,100
"237","SAMPLE_SPECIES_SIZE",0,0,100,0,0,100,0,0,100,0,0,100,0,0,100,0,0,100,0,0,100,0,0,100,0,0,100,0,0,100
"238","SAMPLE_STANDARD_SPECIES_CODE",0,0,100,32,0.36676217765043,99.6332378223496,0,0,100,700,5.87938854359147,94.1206114564085,129,1.31699846860643,98.6830015313936,28,0.295983086680761,99.7040169133192,0,0,100,0,0,100,18,0.79295154185022,99.2070484581498,0,0,100
"239","SAMPLE_STANDARD_SPECIES_NAME",0,0,100,32,0.36676217765043,99.6332378223496,0,0,100,700,5.87938854359147,94.1206114564085,129,1.31699846860643,98.6830015313936,28,0.295983086680761,99.7040169133192,0,0,100,0,0,100,18,0.79295154185022,99.2070484581498,0,0,100
"240","SAMPLE_TYPE_1",7430,99.9865428609878,0.013457139012246,6510,74.6131805157593,25.3868194842407,5525,66.9859359844811,33.0140640155189,5790,48.6309423819923,51.3690576180077,61,0.622766717713119,99.3772332822869,0,0,100,0,0,100,0,0,100,0,0,100,0,0,100
"241","SAMPLE_TYPE_2",7430,99.9865428609878,0.013457139012246,6510,74.6131805157593,25.3868194842407,5525,66.9859359844811,33.0140640155189,5790,48.6309423819923,51.3690576180077,61,0.622766717713119,99.3772332822869,0,0,100,0,0,100,0,0,100,0,0,100,0,0,100
"242","SAMPLE_TYPE3",7430,99.9865428609878,0.013457139012246,6510,74.6131805157593,25.3868194842407,5525,66.9859359844811,33.0140640155189,5790,48.6309423819923,51.3690576180077,61,0.622766717713119,99.3772332822869,0,0,100,0,0,100,0,0,100,0,0,100,0,0,100
"243","SAMPLE_UNIQUE",0,0,100,0,0,100,0,0,100,0,0,100,0,0,100,0,0,100,0,0,100,0,0,100,0,0,100,0,0,100
"244","SAMPLE_WEIGHT",6096,82.0347194186516,17.9652805813484,6653,76.2521489971347,23.7478510028653,5737,69.5562560620756,30.4437439379244,4992,41.928439442298,58.071560557702,2435,24.8596222562532,75.1403777437468,2233,23.6046511627907,76.3953488372093,1998,20.3131354209028,79.6868645790972,310,31.6973415132924,68.3026584867076,598,26.3436123348018,73.6563876651982,1269,24.6455622450961,75.3544377549039
"245","SAMPLE_WEIGHT_KG",6096,82.0347194186516,17.9652805813484,6653,76.2521489971347,23.7478510028653,5737,69.5562560620756,30.4437439379244,4992,41.928439442298,58.071560557702,2435,24.8596222562532,75.1403777437468,2233,23.6046511627907,76.3953488372093,1998,20.3131354209028,79.6868645790972,310,31.6973415132924,68.3026584867076,598,26.3436123348018,73.6563876651982,1269,24.6455622450961,75.3544377549039
"246","SAMPLE_WEIGHT_UNIT",0,0,100,0,0,100,0,0,100,0,0,100,0,0,100,0,0,100,0,0,100,0,0,100,0,0,100,0,0,100
"247","SAMPLE_WEIGHT_UNIT_ID",0,0,100,0,0,100,0,0,100,0,0,100,0,0,100,0,0,100,0,0,100,0,0,100,0,0,100,0,0,100
"248","SECONDARY_SEX",7431,100,0,8725,100,0,8132,98.5935984481086,1.40640155189136,11483,96.4471694943726,3.55283050562741,9502,97.0086778968862,2.99132210311383,9068,95.8562367864693,4.14376321353066,9314,94.6929646197641,5.30703538023587,896,91.6155419222904,8.38445807770961,2248,99.0308370044053,0.969162995594715,4941,95.9603806564381,4.03961934356187
"249","SEX",0,0,100,0,0,100,0,0,100,0,0,100,0,0,100,0,0,100,0,0,100,0,0,100,0,0,100,0,0,100
"250","SEX_NAME",0,0,100,0,0,100,0,0,100,0,0,100,0,0,100,0,0,100,1,0.0101667344448963,99.9898332655551,0,0,100,0,0,100,0,0,100
"251","SITE_LOCATION",7431,100,0,8725,100,0,8248,100,0,11906,100,0,9795,100,0,9460,100,0,9836,100,0,978,100,0,2270,100,0,5149,100,0
"252","SOAK_TIME_1",321,4.31974162293097,95.680258377069,889,10.189111747851,89.810888252149,283,3.43113482056256,96.5688651794374,274,2.30136065849152,97.6986393415085,2046,20.8882082695253,79.1117917304747,2920,30.8668076109937,69.1331923890063,2463,25.0406669377796,74.9593330622204,459,46.9325153374233,53.0674846625767,386,17.0044052863436,82.9955947136564,425,8.25402990872014,91.7459700912799
"253","SOAK_TIME_2",7281,97.9814291481631,2.0185708518369,8283,94.9340974212034,5.06590257879657,7508,91.0281280310378,8.97187196896218,11299,94.9017302200571,5.09826977994288,8578,87.5752935171006,12.4247064828994,8970,94.8202959830867,5.17970401691332,9634,97.946319642131,2.05368035786904,961,98.2617586912066,1.73824130879345,2058,90.6607929515419,9.33920704845815,4999,97.0868129733929,2.9131870266071
"254","SOAK_TIME_3",7431,100,0,8725,100,0,8231,99.7938894277401,0.206110572259945,11906,100,0,9792,99.9693721286371,0.0306278713629382,9460,100,0,9816,99.7966653111021,0.203334688897925,978,100,0,2270,100,0,5020,97.4946591571179,2.50534084288211
"255","SOAK_TIME_4",7431,100,0,8725,100,0,8248,100,0,11906,100,0,9795,100,0,9460,100,0,9836,100,0,978,100,0,2270,100,0,5149,100,0
"256","SOAK_TIME_5",7431,100,0,8725,100,0,8248,100,0,11906,100,0,9795,100,0,9460,100,0,9836,100,0,978,100,0,2270,100,0,5149,100,0
"257","STANDARDAREA_1",0,0,100,1,0.0114613180515759,99.9885386819484,0,0,100,208,1.74701831009575,98.2529816899042,124,1.26595201633486,98.7340479836651,8,0.0845665961945032,99.9154334038055,12,0.122000813338756,99.8779991866612,1,0.102249488752556,99.8977505112474,0,0,100,0,0,100
"258","STANDARDAREA_2",7280,97.9679720091509,2.03202799084914,8269,94.7736389684814,5.22636103151862,7493,90.8462657613967,9.15373423860329,11299,94.9017302200571,5.09826977994288,8258,84.3083205717203,15.6916794282797,8326,88.0126849894292,11.9873150105708,9472,96.2993086620578,3.70069133794225,906,92.6380368098159,7.36196319018406,1915,84.3612334801762,15.6387665198238,4913,95.4165857448048,4.58341425519518
"259","STANDARDAREA_3",7431,100,0,8725,100,0,8231,99.7938894277401,0.206110572259945,11906,100,0,9792,99.9693721286371,0.0306278713629382,9435,99.7357293868922,0.264270613107826,9816,99.7966653111021,0.203334688897925,978,100,0,2270,100,0,5020,97.4946591571179,2.50534084288211
"260","STANDARDAREA_4",7431,100,0,8725,100,0,8248,100,0,11906,100,0,9795,100,0,9460,100,0,9836,100,0,978,100,0,2270,100,0,5149,100,0
"261","STANDARDAREA_5",7431,100,0,8725,100,0,8248,100,0,11906,100,0,9795,100,0,9460,100,0,9836,100,0,978,100,0,2270,100,0,5149,100,0
"262","STANDARDAREANAME_1",0,0,100,1,0.0114613180515759,99.9885386819484,0,0,100,208,1.74701831009575,98.2529816899042,124,1.26595201633486,98.7340479836651,8,0.0845665961945032,99.9154334038055,12,0.122000813338756,99.8779991866612,1,0.102249488752556,99.8977505112474,0,0,100,0,0,100
"263","STANDARDAREANAME_2",7280,97.9679720091509,2.03202799084914,8269,94.7736389684814,5.22636103151862,7493,90.8462657613967,9.15373423860329,11299,94.9017302200571,5.09826977994288,8258,84.3083205717203,15.6916794282797,8326,88.0126849894292,11.9873150105708,9472,96.2993086620578,3.70069133794225,906,92.6380368098159,7.36196319018406,1915,84.3612334801762,15.6387665198238,4913,95.4165857448048,4.58341425519518
"264","STANDARDAREANAME_3",7431,100,0,8725,100,0,8231,99.7938894277401,0.206110572259945,11906,100,0,9792,99.9693721286371,0.0306278713629382,9435,99.7357293868922,0.264270613107826,9816,99.7966653111021,0.203334688897925,978,100,0,2270,100,0,5020,97.4946591571179,2.50534084288211
"265","STANDARDAREANAME_4",7431,100,0,8725,100,0,8248,100,0,11906,100,0,9795,100,0,9460,100,0,9836,100,0,978,100,0,2270,100,0,5149,100,0
"266","STANDARDAREANAME_5",7431,100,0,8725,100,0,8248,100,0,11906,100,0,9795,100,0,9460,100,0,9836,100,0,978,100,0,2270,100,0,5149,100,0
"267","STANDARDGEAR_1",0,0,100,1,0.0114613180515759,99.9885386819484,0,0,100,150,1.25986897362674,98.7401310263733,103,1.05155691679428,98.9484430832057,8,0.0845665961945032,99.9154334038055,12,0.122000813338756,99.8779991866612,1,0.102249488752556,99.8977505112474,0,0,100,0,0,100
"268","STANDARDGEAR_2",0,0,100,1,0.0114613180515759,99.9885386819484,0,0,100,150,1.25986897362674,98.7401310263733,103,1.05155691679428,98.9484430832057,8,0.0845665961945032,99.9154334038055,12,0.122000813338756,99.8779991866612,1,0.102249488752556,99.8977505112474,0,0,100,0,0,100
"269","STANDARDGEAR_3",0,0,100,1,0.0114613180515759,99.9885386819484,0,0,100,150,1.25986897362674,98.7401310263733,103,1.05155691679428,98.9484430832057,8,0.0845665961945032,99.9154334038055,12,0.122000813338756,99.8779991866612,1,0.102249488752556,99.8977505112474,0,0,100,0,0,100
"270","STANDARDGEAR_4",0,0,100,1,0.0114613180515759,99.9885386819484,0,0,100,150,1.25986897362674,98.7401310263733,103,1.05155691679428,98.9484430832057,8,0.0845665961945032,99.9154334038055,12,0.122000813338756,99.8779991866612,1,0.102249488752556,99.8977505112474,0,0,100,0,0,100
"271","STANDARDGEAR_5",0,0,100,1,0.0114613180515759,99.9885386819484,0,0,100,150,1.25986897362674,98.7401310263733,103,1.05155691679428,98.9484430832057,8,0.0845665961945032,99.9154334038055,12,0.122000813338756,99.8779991866612,1,0.102249488752556,99.8977505112474,0,0,100,0,0,100
"272","STANDARDGEARNAME_1",0,0,100,18,0.206303724928367,99.7936962750716,0,0,100,167,1.40265412397111,98.5973458760289,103,1.05155691679428,98.9484430832057,10,0.105708245243129,99.8942917547569,12,0.122000813338756,99.8779991866612,1,0.102249488752556,99.8977505112474,0,0,100,0,0,100
"273","STANDARDGEARNAME_2",7280,97.9679720091509,2.03202799084914,8269,94.7736389684814,5.22636103151862,7493,90.8462657613967,9.15373423860329,11289,94.8177389551487,5.18226104485133,8258,84.3083205717203,15.6916794282797,8326,88.0126849894292,11.9873150105708,9472,96.2993086620578,3.70069133794225,906,92.6380368098159,7.36196319018406,1915,84.3612334801762,15.6387665198238,4913,95.4165857448048,4.58341425519518
"274","STANDARDGEARNAME_3",7431,100,0,8725,100,0,8231,99.7938894277401,0.206110572259945,11906,100,0,9792,99.9693721286371,0.0306278713629382,9435,99.7357293868922,0.264270613107826,9816,99.7966653111021,0.203334688897925,978,100,0,2270,100,0,5020,97.4946591571179,2.50534084288211
"275","STANDARDGEARNAME_4",7431,100,0,8725,100,0,8248,100,0,11906,100,0,9795,100,0,9460,100,0,9836,100,0,978,100,0,2270,100,0,5149,100,0
"276","STANDARDGEARNAME_5",7431,100,0,8725,100,0,8248,100,0,11906,100,0,9795,100,0,9460,100,0,9836,100,0,978,100,0,2270,100,0,5149,100,0
"277","START_DATE",0,0,100,16,0.183381088825215,99.8166189111748,896,10.8632395732299,89.1367604267701,1093,9.18024525449353,90.8197547455065,30,0.306278713629403,99.6937212863706,0,0,100,0,0,100,0,0,100,0,0,100,0,0,100
"278","START_LENGTH",7431,100,0,8725,100,0,8248,100,0,11906,100,0,9795,100,0,9460,100,0,9836,100,0,978,100,0,2270,100,0,5149,100,0
"279","STATE_LANDED",0,0,100,0,0,100,0,0,100,0,0,100,0,0,100,0,0,100,0,0,100,0,0,100,0,0,100,0,0,100
"280","STATE_SAMPLED",0,0,100,0,0,100,0,0,100,0,0,100,0,0,100,0,0,100,0,0,100,0,0,100,0,0,100,0,0,100
"281","STATUS",0,0,100,0,0,100,0,0,100,0,0,100,0,0,100,0,0,100,0,0,100,0,0,100,0,0,100,0,0,100
"282","SUB_SAMPLE_CONDITION",7431,100,0,8725,100,0,8248,100,0,11505,96.6319502771712,3.36804972282883,9795,100,0,9460,100,0,9836,100,0,978,100,0,2270,100,0,5149,100,0
"283","SUB_SAMPLE_COUNT",7431,100,0,8725,100,0,8248,100,0,11505,96.6319502771712,3.36804972282883,9795,100,0,9460,100,0,9836,100,0,978,100,0,2270,100,0,5149,100,0
"284","SUB_SAMPLE_RANDOM",7431,100,0,8725,100,0,8248,100,0,11505,96.6319502771712,3.36804972282883,9795,100,0,9460,100,0,9836,100,0,978,100,0,2270,100,0,5149,100,0
"285","SUB_SAMPLE_WEIGHT",7431,100,0,8725,100,0,8248,100,0,11505,96.6319502771712,3.36804972282883,9795,100,0,9460,100,0,9836,100,0,978,100,0,2270,100,0,5149,100,0
"286","SUB_SAMPLE_WEIGHT_KG",7431,100,0,8725,100,0,8248,100,0,11505,96.6319502771712,3.36804972282883,9795,100,0,9460,100,0,9836,100,0,978,100,0,2270,100,0,5149,100,0
"287","SUB_SAMPLE_WEIGHT_UNIT",7431,100,0,8725,100,0,8248,100,0,11505,96.6319502771712,3.36804972282883,9795,100,0,9460,100,0,9836,100,0,978,100,0,2270,100,0,5149,100,0
"288","SUB_SAMPLE_WEIGHT_UNIT_CODE",7431,100,0,8725,100,0,8248,100,0,11505,96.6319502771712,3.36804972282883,9795,100,0,9460,100,0,9836,100,0,978,100,0,2270,100,0,5149,100,0
"289","TAG1",7431,100,0,8725,100,0,8248,100,0,11906,100,0,9795,100,0,9460,100,0,9836,100,0,978,100,0,2270,100,0,5149,100,0
"290","TAG2",7431,100,0,8725,100,0,8248,100,0,11906,100,0,9795,100,0,9460,100,0,9836,100,0,978,100,0,2270,100,0,5149,100,0
"291","TAG3",7431,100,0,8725,100,0,8248,100,0,11906,100,0,9795,100,0,9460,100,0,9836,100,0,978,100,0,2270,100,0,5149,100,0
"292","TERMINATION",0,0,100,0,0,100,0,0,100,0,0,100,0,0,100,0,0,100,0,0,100,0,0,100,0,0,100,0,0,100
"293","TICKET",148,1.99165657381241,98.0083434261876,146,1.67335243553009,98.3266475644699,282,3.41901066925315,96.5809893307468,4762,39.9966403494037,60.0033596505963,5934,60.5819295558959,39.4180704441041,5330,56.3424947145877,43.6575052854123,4721,47.9971533143554,52.0028466856446,627,64.1104294478528,35.8895705521472,1049,46.2114537444934,53.7885462555066,1692,32.8607496601282,67.1392503398718
"294","TICKET_AGENCY",148,1.99165657381241,98.0083434261876,146,1.67335243553009,98.3266475644699,282,3.41901066925315,96.5809893307468,4762,39.9966403494037,60.0033596505963,5934,60.5819295558959,39.4180704441041,5330,56.3424947145877,43.6575052854123,4721,47.9971533143554,52.0028466856446,627,64.1104294478528,35.8895705521472,1049,46.2114537444934,53.7885462555066,1692,32.8607496601282,67.1392503398718
"295","TICKET_AGENCY2",7431,100,0,8725,100,0,8209,99.5271580989331,0.472841901066928,11795,99.0676969595162,0.932303040483788,9528,97.2741194486983,2.72588055130169,9376,99.1120507399577,0.887949260042291,9836,100,0,978,100,0,2055,90.5286343612335,9.47136563876651,2133,41.4255195183531,58.5744804816469
"296","TICKET2",7431,100,0,8725,100,0,8243,99.939379243453,0.0606207565470385,11906,100,0,9783,99.8774885145482,0.122511485451753,9443,99.8202959830867,0.17970401691332,9836,100,0,978,100,0,2260,99.5594713656388,0.440528634361243,5149,100,0
"297","TRIP_DAYS_FISHED",414,5.57125555106984,94.4287444489302,790,9.05444126074499,90.945558739255,388,4.70417070805044,95.2958292919496,416,3.4940366201915,96.5059633798085,523,5.33945890760592,94.6605410923941,153,1.61733615221987,98.3826638477801,232,2.35868239121594,97.6413176087841,1,0.102249488752556,99.8977505112474,308,13.568281938326,86.431718061674,571,11.0895319479511,88.9104680520489
"298","TRIP_DAYS_OUT",254,3.41811330911048,96.5818866908895,728,8.34383954154728,91.6561604584527,323,3.91610087293889,96.0838991270611,345,2.89769863934151,97.1023013606585,351,3.58346094946401,96.416539050536,74,0.782241014799154,99.2177589852008,135,1.372509150061,98.627490849939,1,0.102249488752556,99.8977505112474,122,5.37444933920705,94.625550660793,468,9.08914352301418,90.9108564769858
"299","TRIP_NUMBER",95,1.27842820616337,98.7215717938366,800,9.16905444126074,90.8309455587393,723,8.76576139670223,91.2342386032978,92,0.772719637157736,99.2272803628423,0,0,100,0,0,100,0,0,100,0,0,100,0,0,100,0,0,100
"300","UNLOAD_DATE",0,0,100,48,0.550143266475645,99.4498567335244,1015,12.3060135790495,87.6939864209505,1164,9.77658323534352,90.2234167646565,499,5.0944359367024,94.9055640632976,4012,42.4101479915433,57.5898520084567,4439,45.1301342008947,54.8698657991053,627,64.1104294478528,35.8895705521472,403,17.7533039647577,82.2466960352423,1045,20.2952029520295,79.7047970479705
"301","UNUSUAL_LENGTH",7431,100,0,8725,100,0,8248,100,0,11906,100,0,9795,100,0,9460,100,0,9836,100,0,978,100,0,2270,100,0,5149,100,0
"302","VESSEL_ID",6142,82.6537478132149,17.3462521867851,8542,97.9025787965616,2.0974212034384,7939,96.2536372453928,3.74636275460718,7112,59.7345876028893,40.2654123971107,4147,42.3379275140378,57.6620724859622,4177,44.154334038055,55.845665961945,5345,54.3411956079707,45.6588043920293,351,35.8895705521472,64.1104294478528,1367,60.2202643171806,39.7797356828194,3457,67.1392503398718,32.8607496601282
"303","VESSEL_NAME",6273,84.4166330238191,15.5833669761809,8630,98.9111747851003,1.08882521489971,7966,96.5809893307468,3.41901066925315,7915,66.4790861750378,33.5209138249622,5638,57.5599795814191,42.4400204185809,5087,53.7737843551797,46.2262156448203,5469,55.6018706791379,44.3981293208621,351,35.8895705521472,64.1104294478528,1513,66.6519823788546,33.3480176211454,3457,67.1392503398718,32.8607496601282
"304","VTR_NUMBER",7431,100,0,8725,100,0,8248,100,0,11906,100,0,9795,100,0,9460,100,0,9836,100,0,978,100,0,2270,100,0,5149,100,0
"305","YEAR",0,0,100,0,0,100,0,0,100,0,0,100,0,0,100,0,0,100,0,0,100,0,0,100,0,0,100,0,0,100
